/*Insertion for Hilton Chain*/
INSERT INTO hotel_chain (name , central_office_address_street_num ,central_office_address_street_name,
    central_office_address_city , central_office_address_prov , central_office_address_postal ,
    number_of_hotels) VALUES ('Hilton', 7930, 'Jones Branch Drive', 'Toronto', 'Ontario', 'k1nf9j', 14);

/*Insertion for Mariott Chain*/
INSERT INTO hotel_chain (name , central_office_address_street_num ,central_office_address_street_name,
    central_office_address_city , central_office_address_prov , central_office_address_postal ,
    number_of_hotels) VALUES ('Marriot', 1340, 'Walkley Drive', 'Ottawa', 'Ontario', 'k1n631', 10);

/*Insertion for BestWestern*/
INSERT INTO hotel_chain (name , central_office_address_street_num ,central_office_address_street_name,
    central_office_address_city , central_office_address_prov , central_office_address_postal ,
    number_of_hotels) VALUES ('BestWestern', 1946, 'York Street', 'Toronto', 'Ontario', 'p4n8f9', 11);

/*Insertion for FourSeasons*/
INSERT INTO hotel_chain (name , central_office_address_street_num ,central_office_address_street_name,
    central_office_address_city , central_office_address_prov , central_office_address_postal ,
    number_of_hotels) VALUES ('FourSeasons', 60, 'Yorkville Ave', 'Toronto', 'Ontario', 'm4w0a4', 9);

/*Insertion for Radisson*/
INSERT INTO hotel_chain (name , central_office_address_street_num ,central_office_address_street_name,
    central_office_address_city , central_office_address_prov , central_office_address_postal ,
    number_of_hotels) VALUES ('Radisson', 1909, 'Stanley Ave', 'Vancouver', 'BritishColumbia', 'h3p7d4', 9);





/*INSERTIONS FOR HILTON HOTELS*/
INSERT INTO hotel (hotel_ID , name , chain , hotel_address_Street_num , address_street_name ,
    address_city , address_prov , address_postal , number_of_rooms, rating , gym , pool)
    VALUES (10001, 'Hilton Ottawa', 'Hilton', 100, 'Coventry', 'Ottawa', 'Ontario', ' K1K 4S3', 8, 5, false, true );

INSERT INTO hotel (hotel_ID , name , chain , hotel_address_Street_num , address_street_name ,
    address_city , address_prov , address_postal , number_of_rooms, rating , gym , pool)
    VALUES (10002, 'Hilton Ottawa East', 'Hilton', 2938, 'Trainyards', 'Ottawa', 'Ontario', ' j7f 5m1', 8, 3, true, true);

INSERT INTO hotel (hotel_ID , name , chain , hotel_address_Street_num , address_street_name ,
    address_city , address_prov , address_postal , number_of_rooms, rating , gym , pool)
    VALUES (10003, 'Hilton Montreal', 'Hilton', 3245, 'Stewart', 'Montreal', 'Quebec', ' g5d 2n8', 8, 3, false, true);

INSERT INTO hotel (hotel_ID , name , chain , hotel_address_Street_num , address_street_name ,
    address_city , address_prov , address_postal , number_of_rooms, rating , gym , pool)
    VALUES (10004, 'Hilton Toronto', 'Hilton', 4567, 'Sommerset', 'Toronto', 'Ontario', ' l6d 0v4', 8, 5, true, true);

INSERT INTO hotel (hotel_ID , name , chain , hotel_address_Street_num , address_street_name ,
    address_city , address_prov , address_postal , number_of_rooms, rating , gym , pool)
    VALUES (10005, 'Hilton Winnipeg', 'Hilton', 6589, 'Laurier', 'Winnipeg', 'Manitoba', ' j6d 0a4', 8, 4, true, false);

INSERT INTO hotel (hotel_ID , name , chain , hotel_address_Street_num , address_street_name ,
    address_city , address_prov , address_postal , number_of_rooms, rating , gym , pool)
    VALUES (10006, 'Hilton Calgary', 'Hilton', 13245, 'Russell', 'Calgary', 'Alberta', ' g9s 6n3', 8, 5, false, true);

INSERT INTO hotel (hotel_ID , name , chain , hotel_address_Street_num , address_street_name ,
    address_city , address_prov , address_postal , number_of_rooms, rating , gym , pool)
    VALUES (10007, 'Hilton Edmonton', 'Hilton', 765, 'Nelson', 'Edmonton', 'Alberta', ' b8x 3m1', 8, 3, true, true);

INSERT INTO hotel (hotel_ID , name , chain , hotel_address_Street_num , address_street_name ,
    address_city , address_prov , address_postal , number_of_rooms, rating , gym , pool)
    VALUES (10008, 'Hilton Vancouver', 'Hilton', 5, 'Jones', 'Vancouver', 'British Columbia', ' t8e 4g8', 8, 4, false, true);

INSERT INTO hotel (hotel_ID , name , chain , hotel_address_Street_num , address_street_name ,
    address_city , address_prov , address_postal , number_of_rooms, rating , gym , pool)
    VALUES (10009, 'Hilton Quebec City', 'Hilton', 87, 'Smith', 'Quebec City', 'Quebec', ' p1p 9a9', 8, 4, false, true);

INSERT INTO hotel (hotel_ID , name , chain , hotel_address_Street_num , address_street_name ,
    address_city , address_prov , address_postal , number_of_rooms, rating , gym , pool)
    VALUES (10010, 'Hilton Niagra Falls', 'Hilton', 9876, 'Elgin', 'Niagra Falls', 'Ontario', ' b2d 4p4', 8, 4, true, true);

INSERT INTO hotel (hotel_ID , name , chain , hotel_address_Street_num , address_street_name ,
    address_city , address_prov , address_postal , number_of_rooms, rating , gym , pool)
    VALUES (10011, 'Hilton York', 'Hilton', 9, 'Friel', 'Toronto', 'Ontario', ' v5n 2u0', 8, 5, false, false);

INSERT INTO hotel (hotel_ID , name , chain , hotel_address_Street_num , address_street_name ,
    address_city , address_prov , address_postal , number_of_rooms, rating , gym , pool)
    VALUES (10012, 'Hilton Etobiko', 'Hilton', 12, 'University', 'Toronto', 'Ontario', ' k1d 7x1', 8, 4, false, false);

INSERT INTO hotel (hotel_ID , name , chain , hotel_address_Street_num , address_street_name ,
    address_city , address_prov , address_postal , number_of_rooms, rating , gym , pool)
    VALUES (10013, 'Hilton Vancouver North', 'Hilton', 98, 'Kent', 'Vancouver', 'British Columbia', ' K1r 1q1', 8, 3, true, true);

INSERT INTO hotel (hotel_ID , name , chain , hotel_address_Street_num , address_street_name ,
    address_city , address_prov , address_postal , number_of_rooms, rating , gym , pool)
    VALUES (10014, 'Hilton Halifax', 'Hilton', 345, 'Bank', 'Halifax', 'Nova Scotia', ' K1K 1q2', 8, 4, false, true);







/*INSERTIONS FOR MARRIOT HOTELS*/
INSERT INTO hotel (hotel_ID , name , chain , hotel_address_Street_num , address_street_name ,
    address_city , address_prov , address_postal , number_of_rooms, rating , gym , pool)
    VALUES (20001, 'Marriot Ottawa', 'Marriot', 76, 'Toke', 'Ottawa', 'Ontario', ' K1K 4S3', 8, 4, false, true );

INSERT INTO hotel (hotel_ID , name , chain , hotel_address_Street_num , address_street_name ,
    address_city , address_prov , address_postal , number_of_rooms, rating , gym , pool)
    VALUES (20002, 'Marriot Ottawa West', 'Marriot', 2938, 'Patricia', 'Ottawa', 'Ontario', ' j7f 5m1', 8, 3, true, true);

INSERT INTO hotel (hotel_ID , name , chain , hotel_address_Street_num , address_street_name ,
    address_city , address_prov , address_postal , number_of_rooms, rating , gym , pool)
    VALUES (20003, 'Marriot Montreal', 'Marriot', 634, 'Main', 'Montreal', 'Quebec', ' q1q2q2', 8, 4, false, true);

INSERT INTO hotel (hotel_ID , name , chain , hotel_address_Street_num , address_street_name ,
    address_city , address_prov , address_postal , number_of_rooms, rating , gym , pool)
    VALUES (20004, 'Marriot Toronto', 'Marriot', 1785, 'Hemlock', 'Toronto', 'Ontario', ' q2q q3q', 8, 5, true, true);

INSERT INTO hotel (hotel_ID , name , chain , hotel_address_Street_num , address_street_name ,
    address_city , address_prov , address_postal , number_of_rooms, rating , gym , pool)
    VALUES (20005, 'Marriot Winnipeg', 'Marriot', 1324, 'Murray', 'Winnipeg', 'Manitoba', ' q1q q3q ', 8, 4, true, false);

INSERT INTO hotel (hotel_ID , name , chain , hotel_address_Street_num , address_street_name ,
    address_city , address_prov , address_postal , number_of_rooms, rating , gym , pool)
    VALUES (20006, 'Marriot Calgary', 'Marriot', 1876, 'Heart', 'Calgary', 'Alberta', ' q1q q4q', 8, 4, false, true);

INSERT INTO hotel (hotel_ID , name , chain , hotel_address_Street_num , address_street_name ,
    address_city , address_prov , address_postal , number_of_rooms, rating , gym , pool)
    VALUES (20007, 'Marriot Edmonton', 'Marriot', 1234, 'Tamarack', 'Edmonton', 'Alberta', ' q1q q5a', 8, 4, false, true);

INSERT INTO hotel (hotel_ID , name , chain , hotel_address_Street_num , address_street_name ,
    address_city , address_prov , address_postal , number_of_rooms, rating , gym , pool)
    VALUES (20008, 'Marriot Vancouver', 'Marriot', 65, 'Spruce', 'Vancouver', 'British Columbia', ' q1q q6q', 8, 4, false, true);

INSERT INTO hotel (hotel_ID , name , chain , hotel_address_Street_num , address_street_name ,
    address_city , address_prov , address_postal , number_of_rooms, rating , gym , pool)
    VALUES (20009, 'Marriot Quebec City', 'Marriot', 38, 'Birch', 'Quebec City', 'Quebec', ' q1q q7q', 8, 3, false, true);

INSERT INTO hotel (hotel_ID , name , chain , hotel_address_Street_num , address_street_name ,
    address_city , address_prov , address_postal , number_of_rooms, rating , gym , pool)
    VALUES (20010, 'Marriot Niagra Falls', 'Marriot', 93, 'Ross', 'Niagra Falls', 'Ontario', ' q1q q8q', 8, 4, false, true);

INSERT INTO hotel (hotel_ID , name , chain , hotel_address_Street_num , address_street_name ,
    address_city , address_prov , address_postal , number_of_rooms, rating , gym , pool)
    VALUES (20011, 'Marriot Niagra Falls', 'Marriot', 93, 'Ross', 'Niagra Falls', 'Ontario', ' q1q q8q', 8, 4, false, true);




/*INSERTION FOR BEST WESTERN HOTELS*/
INSERT INTO hotel (hotel_ID , name , chain , hotel_address_Street_num , address_street_name ,
    address_city , address_prov , address_postal , number_of_rooms, rating , gym , pool)
    VALUES (30001, 'BEST WESTERN Ottawa', 'BestWestern', 43, 'Riverdale', 'Ottawa', 'Ontario', ' w1w 2w2', 8, 3, false, true);

INSERT INTO hotel (hotel_ID , name , chain , hotel_address_Street_num , address_street_name ,
    address_city , address_prov , address_postal , number_of_rooms, rating , gym , pool)
    VALUES (30002, 'BEST WESTERN Ottawa West', 'BestWestern', 2938, 'Sugarstick', 'Ottawa', 'Ontario', ' j7f 2w2', 8, 3, true, true);

INSERT INTO hotel (hotel_ID , name , chain , hotel_address_Street_num , address_street_name ,
    address_city , address_prov , address_postal , number_of_rooms, rating , gym , pool)
    VALUES (30003, 'BEST WESTERN Montreal', 'BestWestern', 76, 'Jane', 'Montreal', 'Quebec', ' w3w 1w1', 8, 4, false, true);

INSERT INTO hotel (hotel_ID , name , chain , hotel_address_Street_num , address_street_name ,
    address_city , address_prov , address_postal , number_of_rooms, rating , gym , pool)
    VALUES (30004, 'BEST WESTERN Toronto', 'BestWestern', 67, 'Geaoge', 'Toronto', 'Ontario', ' w4w 4w4', 8, 5, true, true);

INSERT INTO hotel (hotel_ID , name , chain , hotel_address_Street_num , address_street_name ,
    address_city , address_prov , address_postal , number_of_rooms, rating , gym , pool)
    VALUES (30005, 'BEST WESTERN Winnipeg', 'BestWestern', 26, 'Queen', 'Winnipeg', 'Manitoba', ' w9w 1w1', 8, 4, true, false);

INSERT INTO hotel (hotel_ID , name , chain , hotel_address_Street_num , address_street_name ,
    address_city , address_prov , address_postal , number_of_rooms, rating , gym , pool)
    VALUES (30006, 'BEST WESTERN Calgary', 'BestWestern', 2536, 'King', 'Calgary', 'Alberta', ' w8w 4S3', 8, 3, false, true);

INSERT INTO hotel (hotel_ID , name , chain , hotel_address_Street_num , address_street_name ,
    address_city , address_prov , address_postal , number_of_rooms, rating , gym , pool)
    VALUES (30007, 'BEST WESTERN Edmonton', 'BestWestern', 875, 'Dover', 'Edmonton', 'Alberta', ' w3w 6w6', 8, 5, false, true);

INSERT INTO hotel (hotel_ID , name , chain , hotel_address_Street_num , address_street_name ,
    address_city , address_prov , address_postal , number_of_rooms, rating , gym , pool)
    VALUES (30008, 'BEST WESTERN Vancouver', 'BestWestern', 13, 'Bend', 'Vancouver', 'British Columbia', 'e1e 1l1', 8, 4, false, true);

INSERT INTO hotel (hotel_ID , name , chain , hotel_address_Street_num , address_street_name ,
    address_city , address_prov , address_postal , number_of_rooms, rating , gym , pool)
    VALUES(30009, 'BEST WESTERN Halifax', 'BestWestern', 61, 'Montcom', 'Halifax', 'Nova Scotia', 'e1e 4z7', 8, 4, false, true);

INSERT INTO hotel (hotel_ID , name , chain , hotel_address_Street_num , address_street_name ,
    address_city , address_prov , address_postal , number_of_rooms, rating , gym , pool)
    VALUES (30010, 'BEST WESTERN Niagra Falls', 'BestWestern', 234, 'Riverside', 'Niagra Falls', 'Ontario', 'e2e 5e5', 8, 3, false, true);

INSERT INTO hotel (hotel_ID , name , chain , hotel_address_Street_num , address_street_name ,
    address_city , address_prov , address_postal , number_of_rooms, rating , gym , pool)
    VALUES (30011, 'BEST WESTERN Etobiko', 'BestWestern', 7, 'Kilkenny', 'Toronto', 'Ontario', 'r4r 3c5', 8, 4, true, true);



/*INSERTIONS FOR FOURSEASONS*/
INSERT INTO hotel (hotel_ID , name , chain , hotel_address_Street_num , address_street_name ,
    address_city , address_prov , address_postal , number_of_rooms, rating , gym , pool)
    VALUES (40001, 'FOURSEASONS Ottawa', 'FourSeasons', 43, 'Jordan', 'Ottawa', 'Ontario', ' t1t 1t1', 8, 4, false, true);

INSERT INTO hotel (hotel_ID , name , chain , hotel_address_Street_num , address_street_name ,
    address_city , address_prov , address_postal , number_of_rooms, rating , gym , pool)
    VALUES (40002, 'FOURSEASONS Ottawa West', 'FourSeasons', 789, 'Grant', 'Ottawa', 'Ontario', ' t1t 2t2', 8, 3, true, true);

INSERT INTO hotel (hotel_ID , name , chain , hotel_address_Street_num , address_street_name ,
    address_city , address_prov , address_postal , number_of_rooms, rating , gym , pool)
    VALUES (40003, 'FOURSEASONS Montreal', 'FourSeasons', 3, 'Kennedy', 'Montreal', 'Quebec', ' t1t 3t3', 8, 4, false, true);

INSERT INTO hotel (hotel_ID , name , chain , hotel_address_Street_num , address_street_name ,
    address_city , address_prov , address_postal , number_of_rooms, rating , gym , pool)
    VALUES (40004, 'FOURSEASONS Toronto', 'FourSeasons', 65, 'Stokes', 'Toronto', 'Ontario', ' t1t 5t5', 8, 5, true, true);

INSERT INTO hotel (hotel_ID , name , chain , hotel_address_Street_num , address_street_name ,
    address_city , address_prov , address_postal , number_of_rooms, rating , gym , pool)
    VALUES (40005, 'FOURSEASONS Winnipeg', 'FourSeasons', 25, 'Cathrine', 'Winnipeg', 'Manitoba', ' t1t 7t7', 8, 4, true, false);

INSERT INTO hotel (hotel_ID , name , chain , hotel_address_Street_num , address_street_name ,
    address_city , address_prov , address_postal , number_of_rooms, rating , gym , pool)
    VALUES (40006, 'FOURSEASONS Calgary', 'FourSeasons', 72, 'Charles', 'Calgary', 'Alberta', ' t1t 9t9', 8, 4, false, true);

INSERT INTO hotel (hotel_ID , name , chain , hotel_address_Street_num , address_street_name ,
    address_city , address_prov , address_postal , number_of_rooms, rating , gym , pool)
    VALUES (40007, 'FOURSEASONS Edmonton', 'FourSeasons', 87, 'Peter', 'Edmonton', 'Alberta', ' t6t 3t3', 8, 4, false, true);

INSERT INTO hotel (hotel_ID , name , chain , hotel_address_Street_num , address_street_name ,
    address_city , address_prov , address_postal , number_of_rooms, rating , gym , pool)
    VALUES (40008, 'FOURSEASONS Vancouver', 'FourSeasons', 68, 'James', 'Vancouver', 'British Columbia', ' t7t 3t3', 8, 4, false, true);

INSERT INTO hotel (hotel_ID , name , chain , hotel_address_Street_num , address_street_name ,
    address_city , address_prov , address_postal , number_of_rooms, rating , gym , pool)
    VALUES (40009, 'FOURSEASONS Quebec City', 'FourSeasons', 9876, 'Princess', 'Quebec City', 'Quebec', ' u1u 1u1', 8, 4, false, true);



/*INSERTIONS FOR Radisson*/
INSERT INTO hotel (hotel_ID , name , chain , hotel_address_Street_num , address_street_name ,
    address_city , address_prov , address_postal , number_of_rooms, rating , gym , pool)
    VALUES (50001, 'Radisson Ottawa', 'Radisson', 234, 'Osborn', 'Ottawa', 'Ontario', ' u2u 2u2', 8, 4, true, true);

INSERT INTO hotel (hotel_ID , name , chain , hotel_address_Street_num , address_street_name ,
    address_city , address_prov , address_postal , number_of_rooms, rating , gym , pool)
    VALUES (50002, 'Radisson Ottawa West', 'Radisson', 28, 'Shirley', 'Ottawa', 'Ontario', ' u7u 3b3', 8, 3, true, false);

INSERT INTO hotel (hotel_ID , name , chain , hotel_address_Street_num , address_street_name ,
    address_city , address_prov , address_postal , number_of_rooms, rating , gym , pool)
    VALUES (50003, 'Radisson Montreal', 'Radisson', 2845, 'Leonard', 'Montreal', 'Quebec', ' f1f 2f2', 8, 4, true, true);

INSERT INTO hotel (hotel_ID , name , chain , hotel_address_Street_num , address_street_name ,
    address_city , address_prov , address_postal , number_of_rooms, rating , gym , pool)
    VALUES (50004, 'Radisson Toronto', 'Radisson', 98, 'Sony', 'Toronto', 'Ontario', ' f1f 1f1', 8, 5, false, true);

INSERT INTO hotel (hotel_ID , name , chain , hotel_address_Street_num , address_street_name ,
    address_city , address_prov , address_postal , number_of_rooms, rating , gym , pool)
    VALUES (50005, 'Radisson Winnipeg', 'Radisson', 3245, 'Susan', 'Winnipeg', 'Manitoba', ' f5f 5f5', 8, 4, true, true);

INSERT INTO hotel (hotel_ID , name , chain , hotel_address_Street_num , address_street_name ,
    address_city , address_prov , address_postal , number_of_rooms, rating , gym , pool)
    VALUES (50006, 'Radisson Calgary', 'Radisson', 35, 'Hoople', 'Calgary', 'Alberta', ' f7f 9f9', 8, 4, true, true);

INSERT INTO hotel (hotel_ID , name , chain , hotel_address_Street_num , address_street_name ,
    address_city , address_prov , address_postal , number_of_rooms, rating , gym , pool)
    VALUES (50007, 'Radisson Edmonton', 'Radisson', 37, 'Wall', 'Edmonton', 'Alberta', ' h9h 8h8', 8, 4, true, false);

INSERT INTO hotel (hotel_ID , name , chain , hotel_address_Street_num , address_street_name ,
    address_city , address_prov , address_postal , number_of_rooms, rating , gym , pool)
    VALUES (50008, 'Radisson Vancouver', 'Radisson', 73, 'Ridge', 'Vancouver', 'British Columbia', ' z1z 1z1', 8, 4, false, true);

INSERT INTO hotel (hotel_ID , name , chain , hotel_address_Street_num , address_street_name ,
    address_city , address_prov , address_postal , number_of_rooms, rating , gym , pool)
    VALUES (50009, 'Radisson Quebec City', 'Radisson', 34, 'Hebert', 'Quebec City', 'Quebec', ' z2z 3z3', 8, 4, false, true);




INSERT INTO employee (ssn_sin, hotel, email, first_name, last_name, phone_num, address_street_num, address_street_name,
    address_city, address_prov, address_postal, status) Values('118111240', 10001, 'manager@hilton.com', 'john', 'johnson',
    '7052348654', 1, 'one street', 'Ottawa', 'Ontario', 'k1n6j7', 'manager');

UPDATE hotel SET manager = '118111240' WHERE hotel_ID =  10001;

INSERT INTO employee (ssn_sin, hotel, email, first_name, last_name, phone_num, address_street_num, address_street_name,
    address_city, address_prov, address_postal, status) Values('599030592', 10002, 'manager@hilton.com', 'Aaron', 'Allen',
    '7052348654', 1, 'one street', 'Ottawa', 'Ontario', 'k1n6j7', 'manager');

UPDATE hotel SET manager = '599030592' WHERE hotel_ID = 10002 ;

INSERT INTO employee (ssn_sin, hotel, email, first_name, last_name, phone_num, address_street_num, address_street_name,
    address_city, address_prov, address_postal, status) Values('603556416', 10003, 'manager@hilton.com', 'Bill', 'Brown',
    '7052348654', 1, 'one street', 'Ottawa', 'Ontario', 'k1n6j7', 'manager');

UPDATE hotel SET manager = '603556416' WHERE hotel_ID = 10003 ;

INSERT INTO employee (ssn_sin, hotel, email, first_name, last_name, phone_num, address_street_num, address_street_name,
    address_city, address_prov, address_postal, status) Values('466877216', 10004, 'manager@hilton.com', 'Carl', 'Curch',
    '7052348654', 1, 'one street', 'Ottawa', 'Ontario', 'k1n6j7', 'manager');

UPDATE hotel SET manager = '466877216' WHERE hotel_ID =  10004;

INSERT INTO employee (ssn_sin, hotel, email, first_name, last_name, phone_num, address_street_num, address_street_name,
    address_city, address_prov, address_postal, status) Values('289970240', 10005, 'manager@hilton.com', 'Dick', 'Dickerson',
    '7052348654', 1, 'one street', 'Ottawa', 'Ontario', 'k1n6j7', 'manager');

UPDATE hotel SET manager = '289970240' WHERE hotel_ID =  10005;

INSERT INTO employee (ssn_sin, hotel, email, first_name, last_name, phone_num, address_street_num, address_street_name,
    address_city, address_prov, address_postal, status) Values('950274880', 10006, 'manager@hilton.com', 'Douge', 'Dimmadome',
    '7052348654', 1, 'one street', 'Ottawa', 'Ontario', 'k1n6j7', 'manager');

UPDATE hotel SET manager = '950274880' WHERE hotel_ID = 10006 ;

INSERT INTO employee (ssn_sin, hotel, email, first_name, last_name, phone_num, address_street_num, address_street_name,
    address_city, address_prov, address_postal, status) Values('774359680', 10007, 'manager@hilton.com', 'Ethen', 'Eller',
    '7052348654', 1, 'one street', 'Ottawa', 'Ontario', 'k1n6j7', 'manager');

UPDATE hotel SET manager = '774359680' WHERE hotel_ID =  10007;

INSERT INTO employee (ssn_sin, hotel, email, first_name, last_name, phone_num, address_street_num, address_street_name,
    address_city, address_prov, address_postal, status) Values('105858960', 10008, 'manager@hilton.com', 'Fred', 'Flounders',
    '7052348654', 1, 'one street', 'Ottawa', 'Ontario', 'k1n6j7', 'manager');

UPDATE hotel SET manager = '105858960' WHERE hotel_ID =  10008;

INSERT INTO employee (ssn_sin, hotel, email, first_name, last_name, phone_num, address_street_num, address_street_name,
    address_city, address_prov, address_postal, status) Values('243850192', 10009, 'manager@hilton.com', 'Greg', 'Guy',
    '7052348654', 1, 'one street', 'Ottawa', 'Ontario', 'k1n6j7', 'manager');

UPDATE hotel SET manager = '243850192' WHERE hotel_ID =  10009;

INSERT INTO employee (ssn_sin, hotel, email, first_name, last_name, phone_num, address_street_num, address_street_name,
    address_city, address_prov, address_postal, status) Values('201159456', 10010, 'manager@hilton.com', 'Henry', 'Hu',
    '7052348654', 1, 'one street', 'Ottawa', 'Ontario', 'k1n6j7', 'manager');

UPDATE hotel SET manager = '201159456' WHERE hotel_ID =  10010;

INSERT INTO employee (ssn_sin, hotel, email, first_name, last_name, phone_num, address_street_num, address_street_name,
    address_city, address_prov, address_postal, status) Values('509132800', 10011, 'manager@hilton.com', 'Innocent', 'Iriish',
    '7052348654', 1, 'one street', 'Ottawa', 'Ontario', 'k1n6j7', 'manager');

UPDATE hotel SET manager = '509132800' WHERE hotel_ID = 10011 ;

INSERT INTO employee (ssn_sin, hotel, email, first_name, last_name, phone_num, address_street_num, address_street_name,
    address_city, address_prov, address_postal, status) Values('564259456', 10012, 'manager@hilton.com', 'James', 'Jack',
    '7052348654', 1, 'one street', 'Ottawa', 'Ontario', 'k1n6j7', 'manager');

UPDATE hotel SET manager = '564259456' WHERE hotel_ID = 10012 ;

INSERT INTO employee (ssn_sin, hotel, email, first_name, last_name, phone_num, address_street_num, address_street_name,
    address_city, address_prov, address_postal, status) Values('105489624', 10013, 'manager@hilton.com', 'Timmy', 'Turner',
    '7052348654', 1, 'one street', 'Ottawa', 'Ontario', 'k1n6j7', 'manager');

UPDATE hotel SET manager = '105489624' WHERE hotel_ID = 10013 ;

INSERT INTO employee (ssn_sin, hotel, email, first_name, last_name, phone_num, address_street_num, address_street_name,
    address_city, address_prov, address_postal, status) Values('730718720', 10014, 'manager@hilton.com', 'Ken', 'Keller',
    '7052348654', 1, 'one street', 'Ottawa', 'Ontario', 'k1n6j7', 'manager');

UPDATE hotel SET manager = '730718720' WHERE hotel_ID = 10014 ;


INSERT INTO employee (ssn_sin, hotel, email, first_name, last_name, phone_num, address_street_num, address_street_name,
    address_city, address_prov, address_postal, status) Values('436527119', 20001, 'manager@marriot.com', 'Kim', 'Possible',
    '7052348654', 1, 'one street', 'Ottawa', 'Ontario', 'k1n6j7', 'manager');

UPDATE hotel SET manager = '436527119' WHERE hotel_ID =  20001;

INSERT INTO employee (ssn_sin, hotel, email, first_name, last_name, phone_num, address_street_num, address_street_name,
    address_city, address_prov, address_postal, status) Values('695843211', 20002, 'manager@marriot.com', 'Liam', 'Larkin',
    '7052348654', 1, 'one street', 'Ottawa', 'Ontario', 'k1n6j7', 'manager');

UPDATE hotel SET manager = '695843211' WHERE hotel_ID = 20002 ;

INSERT INTO employee (ssn_sin, hotel, email, first_name, last_name, phone_num, address_street_num, address_street_name,
    address_city, address_prov, address_postal, status) Values('231597800', 20003, 'manager@marriot.com', 'Mike', 'Mason',
    '7052348654', 1, 'one street', 'Ottawa', 'Ontario', 'k1n6j7', 'manager');

UPDATE hotel SET manager = '231597800' WHERE hotel_ID = 20003 ;

INSERT INTO employee (ssn_sin, hotel, email, first_name, last_name, phone_num, address_street_num, address_street_name,
    address_city, address_prov, address_postal, status) Values('410096317', 20004, 'manager@marriot.com', 'Ned', 'Nelson',
    '7052348654', 1, 'one street', 'Ottawa', 'Ontario', 'k1n6j7', 'manager');

UPDATE hotel SET manager = '410096317' WHERE hotel_ID = 20004 ;

INSERT INTO employee (ssn_sin, hotel, email, first_name, last_name, phone_num, address_street_num, address_street_name,
    address_city, address_prov, address_postal, status) Values('326749223', 20005, 'manager@marriot.com', 'Oscar', 'Octopus',
    '7052348654', 1, 'one street', 'Ottawa', 'Ontario', 'k1n6j7', 'manager');

UPDATE hotel SET manager = '326749223' WHERE hotel_ID = 20005 ;

INSERT INTO employee (ssn_sin, hotel, email, first_name, last_name, phone_num, address_street_num, address_street_name,
    address_city, address_prov, address_postal, status) Values('438976011', 20006, 'manager@marriot.com', 'Oliver', 'Pan',
    '7052348654', 1, 'one street', 'Ottawa', 'Ontario', 'k1n6j7', 'manager');

UPDATE hotel SET manager = '438976011' WHERE hotel_ID =  20006;

INSERT INTO employee (ssn_sin, hotel, email, first_name, last_name, phone_num, address_street_num, address_street_name,
    address_city, address_prov, address_postal, status) Values('167203454', 20007, 'manager@marriot.com', 'Peter', 'Pan',
    '7052348654', 1, 'one street', 'Ottawa', 'Ontario', 'k1n6j7', 'manager');

UPDATE hotel SET manager = '167203454' WHERE hotel_ID =  20007;

INSERT INTO employee (ssn_sin, hotel, email, first_name, last_name, phone_num, address_street_num, address_street_name,
    address_city, address_prov, address_postal, status) Values('196759846', 20008, 'manager@marriot.com', 'Quintin', 'Quad',
    '7052348654', 1, 'one street', 'Ottawa', 'Ontario', 'k1n6j7', 'manager');

UPDATE hotel SET manager = '196759846' WHERE hotel_ID = 20008;

INSERT INTO employee (ssn_sin, hotel, email, first_name, last_name, phone_num, address_street_num, address_street_name,
    address_city, address_prov, address_postal, status) Values('647192865', 20009, 'manager@marriot.com', 'Rusty', 'Rock',
    '7052348654', 1, 'one street', 'Ottawa', 'Ontario', 'k1n6j7', 'manager');

UPDATE hotel SET manager = '647192865' WHERE hotel_ID =  20009;

INSERT INTO employee (ssn_sin, hotel, email, first_name, last_name, phone_num, address_street_num, address_street_name,
    address_city, address_prov, address_postal, status) Values('201159455', 20010, 'manager@marriot.com', 'Dom', 'Dummy',
    '7052348654', 1, 'one street', 'Ottawa', 'Ontario', 'k1n6j7', 'manager');

UPDATE hotel SET manager = '201159456' WHERE hotel_ID =  20010;




INSERT INTO employee (ssn_sin, hotel, email, first_name, last_name, phone_num, address_street_num, address_street_name,
    address_city, address_prov, address_postal, status) Values('142365780', 30001, 'manager@bestwestern.com' , 'Rick', 'Ronson',
    '7052348654', 1, 'one street', 'Ottawa', 'Ontario', 'k1n6j7', 'manager');

UPDATE hotel SET manager = '142365780' WHERE hotel_ID = 30001 ;

INSERT INTO employee (ssn_sin, hotel, email, first_name, last_name, phone_num, address_street_num, address_street_name,
    address_city, address_prov, address_postal, status) Values('315249801', 30002, 'manager@bestwestern.com', 'Kim', 'Possible',
    '7052348654', 1, 'one street', 'Ottawa', 'Ontario', 'k1n6j7', 'manager');

UPDATE hotel SET manager = '315249801' WHERE hotel_ID = 30002 ;

INSERT INTO employee (ssn_sin, hotel, email, first_name, last_name, phone_num, address_street_num, address_street_name,
    address_city, address_prov, address_postal, status) Values('497123619', 30003, 'manager@bestwestern.com', 'Liam', 'Larkin',
    '7052348654', 1, 'one street', 'Ottawa', 'Ontario', 'k1n6j7', 'manager');

UPDATE hotel SET manager = '497123619' WHERE hotel_ID = 30003 ;

INSERT INTO employee (ssn_sin, hotel, email, first_name, last_name, phone_num, address_street_num, address_street_name,
    address_city, address_prov, address_postal, status) Values('613695340', 30004, 'manager@bestwestern.com', 'Mike', 'Mason',
    '7052348654', 1, 'one street', 'Ottawa', 'Ontario', 'k1n6j7', 'manager');

UPDATE hotel SET manager = '613695340' WHERE hotel_ID =  30004;

INSERT INTO employee (ssn_sin, hotel, email, first_name, last_name, phone_num, address_street_num, address_street_name,
    address_city, address_prov, address_postal, status) Values('31497654', 30005, 'manager@bestwestern.com', 'Ned', 'Nelson',
    '7052348654', 1, 'one street', 'Ottawa', 'Ontario', 'k1n6j7', 'manager');

UPDATE hotel SET manager = '31497654' WHERE hotel_ID = 30005 ;

INSERT INTO employee (ssn_sin, hotel, email, first_name, last_name, phone_num, address_street_num, address_street_name,
    address_city, address_prov, address_postal, status) Values('549531123', 30006, 'manager@bestwestern.com', 'Oscar', 'Octopus',
    '7052348654', 1, 'one street', 'Ottawa', 'Ontario', 'k1n6j7', 'manager');

UPDATE hotel SET manager = '549531123' WHERE hotel_ID = 30006 ;

INSERT INTO employee (ssn_sin, hotel, email, first_name, last_name, phone_num, address_street_num, address_street_name,
    address_city, address_prov, address_postal, status) Values('976482237', 30007, 'manager@bestwestern.com', 'Oliver', 'Pan',
    '7052348654', 1, 'one street', 'Ottawa', 'Ontario', 'k1n6j7', 'manager');

UPDATE hotel SET manager = '976482237' WHERE hotel_ID = 30007 ;

INSERT INTO employee (ssn_sin, hotel, email, first_name, last_name, phone_num, address_street_num, address_street_name,
    address_city, address_prov, address_postal, status) Values('290134765', 30008, 'manager@bestwestern.com', 'Peter', 'Pan',
    '7052348654', 1, 'one street', 'Ottawa', 'Ontario', 'k1n6j7', 'manager');

UPDATE hotel SET manager = '290134765' WHERE hotel_ID = 30008 ;

INSERT INTO employee (ssn_sin, hotel, email, first_name, last_name, phone_num, address_street_num, address_street_name,
    address_city, address_prov, address_postal, status) Values('751624482', 30009, 'manager@bestwestern.com', 'Quintin', 'Quad',
    '7052348654', 1, 'one street', 'Ottawa', 'Ontario', 'k1n6j7', 'manager');

UPDATE hotel SET manager = '751624482' WHERE hotel_ID = 30009;

INSERT INTO employee (ssn_sin, hotel, email, first_name, last_name, phone_num, address_street_num, address_street_name,
    address_city, address_prov, address_postal, status) Values('736981142', 30010, 'manager@bestwestern.com', 'Rusty', 'Rock',
    '7052348654', 1, 'one street', 'Ottawa', 'Ontario', 'k1n6j7', 'manager');

UPDATE hotel SET manager = '736981142' WHERE hotel_ID = 30010 ;

INSERT INTO employee (ssn_sin, hotel, email, first_name, last_name, phone_num, address_street_num, address_street_name,
    address_city, address_prov, address_postal, status) Values('695173795', 30011, 'manager@bestwestern.com', 'Ron', 'Robinson',
    '7052348654', 1, 'one street', 'Ottawa', 'Ontario', 'k1n6j7', 'manager');

UPDATE hotel SET manager = '695173795' WHERE hotel_ID =  30011;




INSERT INTO employee (ssn_sin, hotel, email, first_name, last_name, phone_num, address_street_num, address_street_name,
    address_city, address_prov, address_postal, status) Values('315687124', 40001, 'manager@fourseasons.com', 'Rick', 'Ronson',
    '7052348654', 1, 'one street', 'Ottawa', 'Ontario', 'k1n6j7', 'manager');

UPDATE hotel SET manager = '315687124' WHERE hotel_ID = 40001 ;

INSERT INTO employee (ssn_sin, hotel, email, first_name, last_name, phone_num, address_street_num, address_street_name,
    address_city, address_prov, address_postal, status) Values('638714989', 40002, 'manager@fourseasons.com', 'Kim', 'Possible',
    '7052348654', 1, 'one street', 'Ottawa', 'Ontario', 'k1n6j7', 'manager');

UPDATE hotel SET manager = '638714989' WHERE hotel_ID = 40002 ;

INSERT INTO employee (ssn_sin, hotel, email, first_name, last_name, phone_num, address_street_num, address_street_name,
    address_city, address_prov, address_postal, status) Values('752435791', 40003, 'manager@fourseasons.com', 'Liam', 'Larkin',
    '7052348654', 1, 'one street', 'Ottawa', 'Ontario', 'k1n6j7', 'manager');

UPDATE hotel SET manager = '752435791' WHERE hotel_ID =  40003;

INSERT INTO employee (ssn_sin, hotel, email, first_name, last_name, phone_num, address_street_num, address_street_name,
    address_city, address_prov, address_postal, status) Values('498619243', 40004, 'manager@fourseasons.com', 'Mike', 'Mason',
    '7052348654', 1, 'one street', 'Ottawa', 'Ontario', 'k1n6j7', 'manager');

UPDATE hotel SET manager = '498619243' WHERE hotel_ID =  40004;

INSERT INTO employee (ssn_sin, hotel, email, first_name, last_name, phone_num, address_street_num, address_street_name,
    address_city, address_prov, address_postal, status) Values('111874916', 40005, 'manager@fourseasons.com', 'Ned', 'Nelson',
    '7052348654', 1, 'one street', 'Ottawa', 'Ontario', 'k1n6j7', 'manager');

UPDATE hotel SET manager = '111874916' WHERE hotel_ID =  40005;

INSERT INTO employee (ssn_sin, hotel, email, first_name, last_name, phone_num, address_street_num, address_street_name,
    address_city, address_prov, address_postal, status) Values('131129784', 40006, 'manager@fourseasons.com', 'Oscar', 'Octopus',
    '7052348654', 1, 'one street', 'Ottawa', 'Ontario', 'k1n6j7', 'manager');

UPDATE hotel SET manager = '131129784' WHERE hotel_ID =  40006;

INSERT INTO employee (ssn_sin, hotel, email, first_name, last_name, phone_num, address_street_num, address_street_name,
    address_city, address_prov, address_postal, status) Values('566491231', 40007, 'manager@fourseasons.com', 'Oliver', 'Pan',
    '7052348654', 1, 'one street', 'Ottawa', 'Ontario', 'k1n6j7', 'manager');

UPDATE hotel SET manager = '566491231' WHERE hotel_ID =  40007;

INSERT INTO employee (ssn_sin, hotel, email, first_name, last_name, phone_num, address_street_num, address_street_name,
    address_city, address_prov, address_postal, status) Values('315691230', 40008, 'manager@fourseasons.com', 'Peter', 'Pan',
    '7052348654', 1, 'one street', 'Ottawa', 'Ontario', 'k1n6j7', 'manager');

UPDATE hotel SET manager = '315691230' WHERE hotel_ID =  40008;

INSERT INTO employee (ssn_sin, hotel, email, first_name, last_name, phone_num, address_street_num, address_street_name,
    address_city, address_prov, address_postal, status) Values('678129513', 40009, 'manager@fourseasons.com', 'Quintin', 'Quad',
    '7052348654', 1, 'one street', 'Ottawa', 'Ontario', 'k1n6j7', 'manager');

UPDATE hotel SET manager = '678129513' WHERE hotel_ID =  40009;




INSERT INTO employee (ssn_sin, hotel, email, first_name, last_name, phone_num, address_street_num, address_street_name,
    address_city, address_prov, address_postal, status) Values('800873551', 50001, 'manager@Radisson.com', 'Rick', 'Ronson',
    '7052348654', 1, 'one street', 'Ottawa', 'Ontario', 'k1n6j7', 'manager');

UPDATE hotel SET manager = '800873551' WHERE hotel_ID =  50001;

INSERT INTO employee (ssn_sin, hotel, email, first_name, last_name, phone_num, address_street_num, address_street_name,
    address_city, address_prov, address_postal, status) Values('319784531', 50002, 'manager@Radisson.com', 'Kim', 'Possible',
    '7052348654', 1, 'one street', 'Ottawa', 'Ontario', 'k1n6j7', 'manager');

UPDATE hotel SET manager = '319784531' WHERE hotel_ID =  50002;

INSERT INTO employee (ssn_sin, hotel, email, first_name, last_name, phone_num, address_street_num, address_street_name,
    address_city, address_prov, address_postal, status) Values('173298476', 50003, 'manager@Radisson.com', 'Liam', 'Larkin',
    '7052348654', 1, 'one street', 'Ottawa', 'Ontario', 'k1n6j7', 'manager');

UPDATE hotel SET manager = '173298476' WHERE hotel_ID =  50003;

INSERT INTO employee (ssn_sin, hotel, email, first_name, last_name, phone_num, address_street_num, address_street_name,
    address_city, address_prov, address_postal, status) Values('564711212', 50004, 'manager@Radisson.com', 'Mike', 'Mason',
    '7052348654', 1, 'one street', 'Ottawa', 'Ontario', 'k1n6j7', 'manager');

UPDATE hotel SET manager = '564711212' WHERE hotel_ID = 50004 ;

INSERT INTO employee (ssn_sin, hotel, email, first_name, last_name, phone_num, address_street_num, address_street_name,
    address_city, address_prov, address_postal, status) Values('715705613', 50005, 'manager@Radisson.com', 'Ned', 'Nelson',
    '7052348654', 1, 'one street', 'Ottawa', 'Ontario', 'k1n6j7', 'manager');

UPDATE hotel SET manager = '715705613' WHERE hotel_ID =  50005;

INSERT INTO employee (ssn_sin, hotel, email, first_name, last_name, phone_num, address_street_num, address_street_name,
    address_city, address_prov, address_postal, status) Values('343791684', 50006, 'manager@Radisson.com', 'Oscar', 'Octopus',
    '7052348654', 1, 'one street', 'Ottawa', 'Ontario', 'k1n6j7', 'manager');

UPDATE hotel SET manager = '343791684' WHERE hotel_ID =  50006;

INSERT INTO employee (ssn_sin, hotel, email, first_name, last_name, phone_num, address_street_num, address_street_name,
    address_city, address_prov, address_postal, status) Values('905619804', 50007, 'manager@Radisson.com', 'Oliver', 'Pan',
    '7052348654', 1, 'one street', 'Ottawa', 'Ontario', 'k1n6j7', 'manager');

UPDATE hotel SET manager = '905619804' WHERE hotel_ID = 50007 ;

INSERT INTO employee (ssn_sin, hotel, email, first_name, last_name, phone_num, address_street_num, address_street_name,
    address_city, address_prov, address_postal, status) Values('933626114', 50008, 'manager@Radisson.com', 'Peter', 'Pan',
    '7052348654', 1, 'one street', 'Ottawa', 'Ontario', 'k1n6j7', 'manager');

UPDATE hotel SET manager = '933626114' WHERE hotel_ID = 50008 ;

INSERT INTO employee (ssn_sin, hotel, email, first_name, last_name, phone_num, address_street_num, address_street_name,
    address_city, address_prov, address_postal, status) Values('911472399', 50009, 'manager@Radisson.com', 'Quintin', 'Quad',
    '7052348654', 1, 'one street', 'Ottawa', 'Ontario', 'k1n6j7', 'manager');

UPDATE hotel SET manager = '911472399' WHERE hotel_ID =  50009;

update customer set password = '123456';
update employee set password = '123456';
select * from employee where ssn_sin='118111240' and password='123456';

Insert Into room (hotel_ID, room_num, capacity, damages, price, tv, airconditioning, fridge, view_, possible_extend)
    Values (10001, 01, 2, null, 100, true, true, true, 'mountain', true);

Insert Into room (hotel_ID, room_num, capacity, damages, price, tv, airconditioning, fridge, view_, possible_extend)
    Values (10001, 02, 3, null, 100, true, true, true, 'sea', true);

Insert Into room (hotel_ID, room_num, capacity, damages, price, tv, airconditioning, fridge, view_, possible_extend)
    Values (10001, 03, 4, null, 100, true, true, true, 'mountain', true);

Insert Into room (hotel_ID, room_num, capacity, damages, price, tv, airconditioning, fridge, view_, possible_extend)
    Values (10001, 04, 5, null, 100, true, true, true, 'sea', true);

Insert Into room (hotel_ID, room_num, capacity, damages, price, tv, airconditioning, fridge, view_, possible_extend)
    Values (10001, 05, 6, null, 100, true, true, true, 'mountain', true);

Insert Into room (hotel_ID, room_num, capacity, damages, price, tv, airconditioning, fridge, view_, possible_extend)
    Values (10001, 06, 4, null, 100, true, true, true, 'sea', true);

Insert Into room (hotel_ID, room_num, capacity, damages, price, tv, airconditioning, fridge, view_, possible_extend)
    Values (10001, 07, 4, null, 100, true, true, true, 'mountain', true);

Insert Into room (hotel_ID, room_num, capacity, damages, price, tv, airconditioning, fridge, view_, possible_extend)
    Values (10001, 08, 4, null, 100, true, true, true, 'sea', true);



Insert Into room (hotel_ID, room_num, capacity, damages, price, tv, airconditioning, fridge, view_, possible_extend)
    Values (10002, 01, 2, null, 100, true, true, true, 'mountain', true);

Insert Into room (hotel_ID, room_num, capacity, damages, price, tv, airconditioning, fridge, view_, possible_extend)
    Values (10002, 02, 3, null, 100, true, true, true, 'sea', true);

Insert Into room (hotel_ID, room_num, capacity, damages, price, tv, airconditioning, fridge, view_, possible_extend)
    Values (10002, 03, 4, null, 100, true, true, true, 'mountain', true);

Insert Into room (hotel_ID, room_num, capacity, damages, price, tv, airconditioning, fridge, view_, possible_extend)
    Values (10002, 04, 5, null, 100, true, true, true, 'sea', true);

Insert Into room (hotel_ID, room_num, capacity, damages, price, tv, airconditioning, fridge, view_, possible_extend)
    Values (10002, 05, 6, null, 100, true, true, true, 'mountain', true);

Insert Into room (hotel_ID, room_num, capacity, damages, price, tv, airconditioning, fridge, view_, possible_extend)
    Values (10002, 06, 4, null, 100, true, true, true, 'sea', true);

Insert Into room (hotel_ID, room_num, capacity, damages, price, tv, airconditioning, fridge, view_, possible_extend)
    Values (10002, 07, 4, null, 100, true, true, true, 'mountain', true);

Insert Into room (hotel_ID, room_num, capacity, damages, price, tv, airconditioning, fridge, view_, possible_extend)
    Values (10002, 08, 4, null, 100, true, true, true, 'sea', true);



Insert Into room (hotel_ID, room_num, capacity, damages, price, tv, airconditioning, fridge, view_, possible_extend)
    Values (10003, 01, 2, null, 100, true, true, true, 'mountain', true);

Insert Into room (hotel_ID, room_num, capacity, damages, price, tv, airconditioning, fridge, view_, possible_extend)
    Values (10003, 02, 3, null, 100, true, true, true, 'sea', true);

Insert Into room (hotel_ID, room_num, capacity, damages, price, tv, airconditioning, fridge, view_, possible_extend)
    Values (10003, 03, 4, null, 100, true, true, true, 'mountain', true);

Insert Into room (hotel_ID, room_num, capacity, damages, price, tv, airconditioning, fridge, view_, possible_extend)
    Values (10003, 04, 5, null, 100, true, true, true, 'sea', true);

Insert Into room (hotel_ID, room_num, capacity, damages, price, tv, airconditioning, fridge, view_, possible_extend)
    Values (10003, 05, 6, null, 100, true, true, true, 'mountain', true);

Insert Into room (hotel_ID, room_num, capacity, damages, price, tv, airconditioning, fridge, view_, possible_extend)
    Values (10003, 06, 4, null, 100, true, true, true, 'sea', true);

Insert Into room (hotel_ID, room_num, capacity, damages, price, tv, airconditioning, fridge, view_, possible_extend)
    Values (10003, 07, 4, null, 100, true, true, true, 'mountain', true);

Insert Into room (hotel_ID, room_num, capacity, damages, price, tv, airconditioning, fridge, view_, possible_extend)
    Values (10003, 08, 4, null, 100, true, true, true, 'sea', true);



Insert Into room (hotel_ID, room_num, capacity, damages, price, tv, airconditioning, fridge, view_, possible_extend)
    Values (10004, 01, 2, null, 100, true, true, true, 'mountain', true);

Insert Into room (hotel_ID, room_num, capacity, damages, price, tv, airconditioning, fridge, view_, possible_extend)
    Values (10004, 02, 3, null, 100, true, true, true, 'sea', true);

Insert Into room (hotel_ID, room_num, capacity, damages, price, tv, airconditioning, fridge, view_, possible_extend)
    Values (10004, 03, 4, null, 100, true, true, true, 'mountain', true);

Insert Into room (hotel_ID, room_num, capacity, damages, price, tv, airconditioning, fridge, view_, possible_extend)
    Values (10004, 04, 5, null, 100, true, true, true, 'sea', true);

Insert Into room (hotel_ID, room_num, capacity, damages, price, tv, airconditioning, fridge, view_, possible_extend)
    Values (10004, 05, 6, null, 100, true, true, true, 'mountain', true);

Insert Into room (hotel_ID, room_num, capacity, damages, price, tv, airconditioning, fridge, view_, possible_extend)
    Values (10004, 06, 4, null, 100, true, true, true, 'sea', true);

Insert Into room (hotel_ID, room_num, capacity, damages, price, tv, airconditioning, fridge, view_, possible_extend)
    Values (10004, 07, 4, null, 100, true, true, true, 'mountain', true);

Insert Into room (hotel_ID, room_num, capacity, damages, price, tv, airconditioning, fridge, view_, possible_extend)
    Values (10004, 08, 4, null, 100, true, true, true, 'sea', true);



Insert Into room (hotel_ID, room_num, capacity, damages, price, tv, airconditioning, fridge, view_, possible_extend)
    Values (10005, 01, 2, null, 100, true, true, true, 'mountain', true);

Insert Into room (hotel_ID, room_num, capacity, damages, price, tv, airconditioning, fridge, view_, possible_extend)
    Values (10005, 02, 3, null, 100, true, true, true, 'sea', true);

Insert Into room (hotel_ID, room_num, capacity, damages, price, tv, airconditioning, fridge, view_, possible_extend)
    Values (10005, 03, 4, null, 100, true, true, true, 'mountain', true);

Insert Into room (hotel_ID, room_num, capacity, damages, price, tv, airconditioning, fridge, view_, possible_extend)
    Values (10005, 04, 5, null, 100, true, true, true, 'sea', true);

Insert Into room (hotel_ID, room_num, capacity, damages, price, tv, airconditioning, fridge, view_, possible_extend)
    Values (10005, 05, 6, null, 100, true, true, true, 'mountain', true);

Insert Into room (hotel_ID, room_num, capacity, damages, price, tv, airconditioning, fridge, view_, possible_extend)
    Values (10005, 06, 4, null, 100, true, true, true, 'sea', true);

Insert Into room (hotel_ID, room_num, capacity, damages, price, tv, airconditioning, fridge, view_, possible_extend)
    Values (10005, 07, 4, null, 100, true, true, true, 'mountain', true);

Insert Into room (hotel_ID, room_num, capacity, damages, price, tv, airconditioning, fridge, view_, possible_extend)
    Values (10005, 08, 4, null, 100, true, true, true, 'sea', true);



Insert Into room (hotel_ID, room_num, capacity, damages, price, tv, airconditioning, fridge, view_, possible_extend)
    Values (10006, 01, 2, null, 100, true, true, true, 'mountain', true);

Insert Into room (hotel_ID, room_num, capacity, damages, price, tv, airconditioning, fridge, view_, possible_extend)
    Values (10006, 02, 3, null, 100, true, true, true, 'sea', true);

Insert Into room (hotel_ID, room_num, capacity, damages, price, tv, airconditioning, fridge, view_, possible_extend)
    Values (10006, 03, 4, null, 100, true, true, true, 'mountain', true);

Insert Into room (hotel_ID, room_num, capacity, damages, price, tv, airconditioning, fridge, view_, possible_extend)
    Values (10006, 04, 5, null, 100, true, true, true, 'sea', true);

Insert Into room (hotel_ID, room_num, capacity, damages, price, tv, airconditioning, fridge, view_, possible_extend)
    Values (10006, 05, 6, null, 100, true, true, true, 'mountain', true);

Insert Into room (hotel_ID, room_num, capacity, damages, price, tv, airconditioning, fridge, view_, possible_extend)
    Values (10006, 06, 4, null, 100, true, true, true, 'sea', true);

Insert Into room (hotel_ID, room_num, capacity, damages, price, tv, airconditioning, fridge, view_, possible_extend)
    Values (10006, 07, 4, null, 100, true, true, true, 'mountain', true);

Insert Into room (hotel_ID, room_num, capacity, damages, price, tv, airconditioning, fridge, view_, possible_extend)
    Values (10006, 08, 4, null, 100, true, true, true, 'sea', true);



Insert Into room (hotel_ID, room_num, capacity, damages, price, tv, airconditioning, fridge, view_, possible_extend)
    Values (10007, 01, 2, null, 100, true, true, true, 'mountain', true);

Insert Into room (hotel_ID, room_num, capacity, damages, price, tv, airconditioning, fridge, view_, possible_extend)
    Values (10007, 02, 3, null, 100, true, true, true, 'sea', true);

Insert Into room (hotel_ID, room_num, capacity, damages, price, tv, airconditioning, fridge, view_, possible_extend)
    Values (10007, 03, 4, null, 100, true, true, true, 'mountain', true);

Insert Into room (hotel_ID, room_num, capacity, damages, price, tv, airconditioning, fridge, view_, possible_extend)
    Values (10007, 04, 5, null, 100, true, true, true, 'sea', true);

Insert Into room (hotel_ID, room_num, capacity, damages, price, tv, airconditioning, fridge, view_, possible_extend)
    Values (10007, 05, 6, null, 100, true, true, true, 'mountain', true);

Insert Into room (hotel_ID, room_num, capacity, damages, price, tv, airconditioning, fridge, view_, possible_extend)
    Values (10007, 06, 4, null, 100, true, true, true, 'sea', true);

Insert Into room (hotel_ID, room_num, capacity, damages, price, tv, airconditioning, fridge, view_, possible_extend)
    Values (10007, 07, 4, null, 100, true, true, true, 'mountain', true);

Insert Into room (hotel_ID, room_num, capacity, damages, price, tv, airconditioning, fridge, view_, possible_extend)
    Values (10007, 08, 4, null, 100, true, true, true, 'sea', true);



Insert Into room (hotel_ID, room_num, capacity, damages, price, tv, airconditioning, fridge, view_, possible_extend)
    Values (10008, 01, 2, null, 100, true, true, true, 'mountain', true);

Insert Into room (hotel_ID, room_num, capacity, damages, price, tv, airconditioning, fridge, view_, possible_extend)
    Values (10008, 02, 3, null, 100, true, true, true, 'sea', true);

Insert Into room (hotel_ID, room_num, capacity, damages, price, tv, airconditioning, fridge, view_, possible_extend)
    Values (10008, 03, 4, null, 100, true, true, true, 'mountain', true);

Insert Into room (hotel_ID, room_num, capacity, damages, price, tv, airconditioning, fridge, view_, possible_extend)
    Values (10008, 04, 5, null, 100, true, true, true, 'sea', true);

Insert Into room (hotel_ID, room_num, capacity, damages, price, tv, airconditioning, fridge, view_, possible_extend)
    Values (10008, 05, 6, null, 100, true, true, true, 'mountain', true);

Insert Into room (hotel_ID, room_num, capacity, damages, price, tv, airconditioning, fridge, view_, possible_extend)
    Values (10008, 06, 4, null, 100, true, true, true, 'sea', true);

Insert Into room (hotel_ID, room_num, capacity, damages, price, tv, airconditioning, fridge, view_, possible_extend)
    Values (10008, 07, 4, null, 100, true, true, true, 'mountain', true);

Insert Into room (hotel_ID, room_num, capacity, damages, price, tv, airconditioning, fridge, view_, possible_extend)
    Values (10008, 08, 4, null, 100, true, true, true, 'sea', true);



Insert Into room (hotel_ID, room_num, capacity, damages, price, tv, airconditioning, fridge, view_, possible_extend)
    Values (10009, 01, 2, null, 100, true, true, true, 'mountain', true);

Insert Into room (hotel_ID, room_num, capacity, damages, price, tv, airconditioning, fridge, view_, possible_extend)
    Values (10009, 02, 3, null, 100, true, true, true, 'sea', true);

Insert Into room (hotel_ID, room_num, capacity, damages, price, tv, airconditioning, fridge, view_, possible_extend)
    Values (10009, 03, 4, null, 100, true, true, true, 'mountain', true);

Insert Into room (hotel_ID, room_num, capacity, damages, price, tv, airconditioning, fridge, view_, possible_extend)
    Values (10009, 04, 5, null, 100, true, true, true, 'sea', true);

Insert Into room (hotel_ID, room_num, capacity, damages, price, tv, airconditioning, fridge, view_, possible_extend)
    Values (10009, 05, 6, null, 100, true, true, true, 'mountain', true);

Insert Into room (hotel_ID, room_num, capacity, damages, price, tv, airconditioning, fridge, view_, possible_extend)
    Values (10009, 06, 4, null, 100, true, true, true, 'sea', true);

Insert Into room (hotel_ID, room_num, capacity, damages, price, tv, airconditioning, fridge, view_, possible_extend)
    Values (10009, 07, 4, null, 100, true, true, true, 'mountain', true);

Insert Into room (hotel_ID, room_num, capacity, damages, price, tv, airconditioning, fridge, view_, possible_extend)
    Values (10009, 08, 4, null, 100, true, true, true, 'sea', true);



Insert Into room (hotel_ID, room_num, capacity, damages, price, tv, airconditioning, fridge, view_, possible_extend)
    Values (10010, 01, 2, null, 100, true, true, true, 'mountain', true);

Insert Into room (hotel_ID, room_num, capacity, damages, price, tv, airconditioning, fridge, view_, possible_extend)
    Values (10010, 02, 3, null, 100, true, true, true, 'sea', true);

Insert Into room (hotel_ID, room_num, capacity, damages, price, tv, airconditioning, fridge, view_, possible_extend)
    Values (10010, 03, 4, null, 100, true, true, true, 'mountain', true);

Insert Into room (hotel_ID, room_num, capacity, damages, price, tv, airconditioning, fridge, view_, possible_extend)
    Values (10010, 04, 5, null, 100, true, true, true, 'sea', true);

Insert Into room (hotel_ID, room_num, capacity, damages, price, tv, airconditioning, fridge, view_, possible_extend)
    Values (10010, 05, 6, null, 100, true, true, true, 'mountain', true);

Insert Into room (hotel_ID, room_num, capacity, damages, price, tv, airconditioning, fridge, view_, possible_extend)
    Values (10010, 06, 4, null, 100, true, true, true, 'sea', true);

Insert Into room (hotel_ID, room_num, capacity, damages, price, tv, airconditioning, fridge, view_, possible_extend)
    Values (10010, 07, 4, null, 100, true, true, true, 'mountain', true);

Insert Into room (hotel_ID, room_num, capacity, damages, price, tv, airconditioning, fridge, view_, possible_extend)
    Values (10010, 08, 4, null, 100, true, true, true, 'sea', true);



Insert Into room (hotel_ID, room_num, capacity, damages, price, tv, airconditioning, fridge, view_, possible_extend)
    Values (10011, 01, 2, null, 100, true, true, true, 'mountain', true);

Insert Into room (hotel_ID, room_num, capacity, damages, price, tv, airconditioning, fridge, view_, possible_extend)
    Values (10011, 02, 3, null, 100, true, true, true, 'sea', true);

Insert Into room (hotel_ID, room_num, capacity, damages, price, tv, airconditioning, fridge, view_, possible_extend)
    Values (10011, 03, 4, null, 100, true, true, true, 'mountain', true);

Insert Into room (hotel_ID, room_num, capacity, damages, price, tv, airconditioning, fridge, view_, possible_extend)
    Values (10011, 04, 5, null, 100, true, true, true, 'sea', true);

Insert Into room (hotel_ID, room_num, capacity, damages, price, tv, airconditioning, fridge, view_, possible_extend)
    Values (10011, 05, 6, null, 100, true, true, true, 'mountain', true);

Insert Into room (hotel_ID, room_num, capacity, damages, price, tv, airconditioning, fridge, view_, possible_extend)
    Values (10011, 06, 4, null, 100, true, true, true, 'sea', true);

Insert Into room (hotel_ID, room_num, capacity, damages, price, tv, airconditioning, fridge, view_, possible_extend)
    Values (10011, 07, 4, null, 100, true, true, true, 'mountain', true);

Insert Into room (hotel_ID, room_num, capacity, damages, price, tv, airconditioning, fridge, view_, possible_extend)
    Values (10011, 08, 4, null, 100, true, true, true, 'sea', true);



Insert Into room (hotel_ID, room_num, capacity, damages, price, tv, airconditioning, fridge, view_, possible_extend)
    Values (10012, 01, 2, null, 100, true, true, true, 'mountain', true);

Insert Into room (hotel_ID, room_num, capacity, damages, price, tv, airconditioning, fridge, view_, possible_extend)
    Values (10012, 02, 3, null, 100, true, true, true, 'sea', true);

Insert Into room (hotel_ID, room_num, capacity, damages, price, tv, airconditioning, fridge, view_, possible_extend)
    Values (10012, 03, 4, null, 100, true, true, true, 'mountain', true);

Insert Into room (hotel_ID, room_num, capacity, damages, price, tv, airconditioning, fridge, view_, possible_extend)
    Values (10012, 04, 5, null, 100, true, true, true, 'sea', true);

Insert Into room (hotel_ID, room_num, capacity, damages, price, tv, airconditioning, fridge, view_, possible_extend)
    Values (10012, 05, 6, null, 100, true, true, true, 'mountain', true);

Insert Into room (hotel_ID, room_num, capacity, damages, price, tv, airconditioning, fridge, view_, possible_extend)
    Values (10012, 06, 4, null, 100, true, true, true, 'sea', true);

Insert Into room (hotel_ID, room_num, capacity, damages, price, tv, airconditioning, fridge, view_, possible_extend)
    Values (10012, 07, 4, null, 100, true, true, true, 'mountain', true);

Insert Into room (hotel_ID, room_num, capacity, damages, price, tv, airconditioning, fridge, view_, possible_extend)
    Values (10012, 08, 4, null, 100, true, true, true, 'sea', true);



Insert Into room (hotel_ID, room_num, capacity, damages, price, tv, airconditioning, fridge, view_, possible_extend)
    Values (10013, 01, 2, null, 100, true, true, true, 'mountain', true);

Insert Into room (hotel_ID, room_num, capacity, damages, price, tv, airconditioning, fridge, view_, possible_extend)
    Values (10013, 02, 3, null, 100, true, true, true, 'sea', true);

Insert Into room (hotel_ID, room_num, capacity, damages, price, tv, airconditioning, fridge, view_, possible_extend)
    Values (10013, 03, 4, null, 100, true, true, true, 'mountain', true);

Insert Into room (hotel_ID, room_num, capacity, damages, price, tv, airconditioning, fridge, view_, possible_extend)
    Values (10013, 04, 5, null, 100, true, true, true, 'sea', true);

Insert Into room (hotel_ID, room_num, capacity, damages, price, tv, airconditioning, fridge, view_, possible_extend)
    Values (10013, 05, 6, null, 100, true, true, true, 'mountain', true);

Insert Into room (hotel_ID, room_num, capacity, damages, price, tv, airconditioning, fridge, view_, possible_extend)
    Values (10013, 06, 4, null, 100, true, true, true, 'sea', true);

Insert Into room (hotel_ID, room_num, capacity, damages, price, tv, airconditioning, fridge, view_, possible_extend)
    Values (10013, 07, 4, null, 100, true, true, true, 'mountain', true);

Insert Into room (hotel_ID, room_num, capacity, damages, price, tv, airconditioning, fridge, view_, possible_extend)
    Values (10013, 08, 4, null, 100, true, true, true, 'sea', true);



Insert Into room (hotel_ID, room_num, capacity, damages, price, tv, airconditioning, fridge, view_, possible_extend)
    Values (10014, 01, 2, null, 100, true, true, true, 'mountain', true);

Insert Into room (hotel_ID, room_num, capacity, damages, price, tv, airconditioning, fridge, view_, possible_extend)
    Values (10014, 02, 3, null, 100, true, true, true, 'sea', true);

Insert Into room (hotel_ID, room_num, capacity, damages, price, tv, airconditioning, fridge, view_, possible_extend)
    Values (10014, 03, 4, null, 100, true, true, true, 'mountain', true);

Insert Into room (hotel_ID, room_num, capacity, damages, price, tv, airconditioning, fridge, view_, possible_extend)
    Values (10014, 04, 5, null, 100, true, true, true, 'sea', true);

Insert Into room (hotel_ID, room_num, capacity, damages, price, tv, airconditioning, fridge, view_, possible_extend)
    Values (10014, 05, 6, null, 100, true, true, true, 'mountain', true);

Insert Into room (hotel_ID, room_num, capacity, damages, price, tv, airconditioning, fridge, view_, possible_extend)
    Values (10014, 06, 4, null, 100, true, true, true, 'sea', true);

Insert Into room (hotel_ID, room_num, capacity, damages, price, tv, airconditioning, fridge, view_, possible_extend)
    Values (10014, 07, 4, null, 100, true, true, true, 'mountain', true);

Insert Into room (hotel_ID, room_num, capacity, damages, price, tv, airconditioning, fridge, view_, possible_extend)
    Values (10014, 08, 4, null, 100, true, true, true, 'sea', true);



Insert Into room (hotel_ID, room_num, capacity, damages, price, tv, airconditioning, fridge, view_, possible_extend)
    Values (20001, 01, 2, null, 100, true, true, true, 'mountain', true);

Insert Into room (hotel_ID, room_num, capacity, damages, price, tv, airconditioning, fridge, view_, possible_extend)
    Values (20001, 02, 3, null, 100, true, true, true, 'sea', true);

Insert Into room (hotel_ID, room_num, capacity, damages, price, tv, airconditioning, fridge, view_, possible_extend)
    Values (20001, 03, 4, null, 100, true, true, true, 'mountain', true);

Insert Into room (hotel_ID, room_num, capacity, damages, price, tv, airconditioning, fridge, view_, possible_extend)
    Values (20001, 04, 5, null, 100, true, true, true, 'sea', true);

Insert Into room (hotel_ID, room_num, capacity, damages, price, tv, airconditioning, fridge, view_, possible_extend)
    Values (20001, 05, 6, null, 100, true, true, true, 'mountain', true);

Insert Into room (hotel_ID, room_num, capacity, damages, price, tv, airconditioning, fridge, view_, possible_extend)
    Values (20001, 06, 4, null, 100, true, true, true, 'sea', true);

Insert Into room (hotel_ID, room_num, capacity, damages, price, tv, airconditioning, fridge, view_, possible_extend)
    Values (20001, 07, 4, null, 100, true, true, true, 'mountain', true);

Insert Into room (hotel_ID, room_num, capacity, damages, price, tv, airconditioning, fridge, view_, possible_extend)
    Values (20001, 08, 4, null, 100, true, true, true, 'sea', true);



Insert Into room (hotel_ID, room_num, capacity, damages, price, tv, airconditioning, fridge, view_, possible_extend)
    Values (20002, 01, 2, null, 100, true, true, true, 'mountain', true);

Insert Into room (hotel_ID, room_num, capacity, damages, price, tv, airconditioning, fridge, view_, possible_extend)
    Values (20002, 02, 3, null, 100, true, true, true, 'sea', true);

Insert Into room (hotel_ID, room_num, capacity, damages, price, tv, airconditioning, fridge, view_, possible_extend)
    Values (20002, 03, 4, null, 100, true, true, true, 'mountain', true);

Insert Into room (hotel_ID, room_num, capacity, damages, price, tv, airconditioning, fridge, view_, possible_extend)
    Values (20002, 04, 5, null, 100, true, true, true, 'sea', true);

Insert Into room (hotel_ID, room_num, capacity, damages, price, tv, airconditioning, fridge, view_, possible_extend)
    Values (20002, 05, 6, null, 100, true, true, true, 'mountain', true);

Insert Into room (hotel_ID, room_num, capacity, damages, price, tv, airconditioning, fridge, view_, possible_extend)
    Values (20002, 06, 4, null, 100, true, true, true, 'sea', true);

Insert Into room (hotel_ID, room_num, capacity, damages, price, tv, airconditioning, fridge, view_, possible_extend)
    Values (20002, 07, 4, null, 100, true, true, true, 'mountain', true);

Insert Into room (hotel_ID, room_num, capacity, damages, price, tv, airconditioning, fridge, view_, possible_extend)
    Values (20002, 08, 4, null, 100, true, true, true, 'sea', true);



Insert Into room (hotel_ID, room_num, capacity, damages, price, tv, airconditioning, fridge, view_, possible_extend)
    Values (20003, 01, 2, null, 100, true, true, true, 'mountain', true);

Insert Into room (hotel_ID, room_num, capacity, damages, price, tv, airconditioning, fridge, view_, possible_extend)
    Values (20003, 02, 3, null, 100, true, true, true, 'sea', true);

Insert Into room (hotel_ID, room_num, capacity, damages, price, tv, airconditioning, fridge, view_, possible_extend)
    Values (20003, 03, 4, null, 100, true, true, true, 'mountain', true);

Insert Into room (hotel_ID, room_num, capacity, damages, price, tv, airconditioning, fridge, view_, possible_extend)
    Values (20003, 04, 5, null, 100, true, true, true, 'sea', true);

Insert Into room (hotel_ID, room_num, capacity, damages, price, tv, airconditioning, fridge, view_, possible_extend)
    Values (20003, 05, 6, null, 100, true, true, true, 'mountain', true);

Insert Into room (hotel_ID, room_num, capacity, damages, price, tv, airconditioning, fridge, view_, possible_extend)
    Values (20003, 06, 4, null, 100, true, true, true, 'sea', true);

Insert Into room (hotel_ID, room_num, capacity, damages, price, tv, airconditioning, fridge, view_, possible_extend)
    Values (20003, 07, 4, null, 100, true, true, true, 'mountain', true);

Insert Into room (hotel_ID, room_num, capacity, damages, price, tv, airconditioning, fridge, view_, possible_extend)
    Values (20003, 08, 4, null, 100, true, true, true, 'sea', true);



Insert Into room (hotel_ID, room_num, capacity, damages, price, tv, airconditioning, fridge, view_, possible_extend)
    Values (20004, 01, 2, null, 100, true, true, true, 'mountain', true);

Insert Into room (hotel_ID, room_num, capacity, damages, price, tv, airconditioning, fridge, view_, possible_extend)
    Values (20004, 02, 3, null, 100, true, true, true, 'sea', true);

Insert Into room (hotel_ID, room_num, capacity, damages, price, tv, airconditioning, fridge, view_, possible_extend)
    Values (20004, 03, 4, null, 100, true, true, true, 'mountain', true);

Insert Into room (hotel_ID, room_num, capacity, damages, price, tv, airconditioning, fridge, view_, possible_extend)
    Values (20004, 04, 5, null, 100, true, true, true, 'sea', true);

Insert Into room (hotel_ID, room_num, capacity, damages, price, tv, airconditioning, fridge, view_, possible_extend)
    Values (20004, 05, 6, null, 100, true, true, true, 'mountain', true);

Insert Into room (hotel_ID, room_num, capacity, damages, price, tv, airconditioning, fridge, view_, possible_extend)
    Values (20004, 06, 4, null, 100, true, true, true, 'sea', true);

Insert Into room (hotel_ID, room_num, capacity, damages, price, tv, airconditioning, fridge, view_, possible_extend)
    Values (20004, 07, 4, null, 100, true, true, true, 'mountain', true);

Insert Into room (hotel_ID, room_num, capacity, damages, price, tv, airconditioning, fridge, view_, possible_extend)
    Values (20004, 08, 4, null, 100, true, true, true, 'sea', true);



Insert Into room (hotel_ID, room_num, capacity, damages, price, tv, airconditioning, fridge, view_, possible_extend)
    Values (20005, 01, 2, null, 100, true, true, true, 'mountain', true);

Insert Into room (hotel_ID, room_num, capacity, damages, price, tv, airconditioning, fridge, view_, possible_extend)
    Values (20005, 02, 3, null, 100, true, true, true, 'sea', true);

Insert Into room (hotel_ID, room_num, capacity, damages, price, tv, airconditioning, fridge, view_, possible_extend)
    Values (20005, 03, 4, null, 100, true, true, true, 'mountain', true);

Insert Into room (hotel_ID, room_num, capacity, damages, price, tv, airconditioning, fridge, view_, possible_extend)
    Values (20005, 04, 5, null, 100, true, true, true, 'sea', true);

Insert Into room (hotel_ID, room_num, capacity, damages, price, tv, airconditioning, fridge, view_, possible_extend)
    Values (20005, 05, 6, null, 100, true, true, true, 'mountain', true);

Insert Into room (hotel_ID, room_num, capacity, damages, price, tv, airconditioning, fridge, view_, possible_extend)
    Values (20005, 06, 4, null, 100, true, true, true, 'sea', true);

Insert Into room (hotel_ID, room_num, capacity, damages, price, tv, airconditioning, fridge, view_, possible_extend)
    Values (20005, 07, 4, null, 100, true, true, true, 'mountain', true);

Insert Into room (hotel_ID, room_num, capacity, damages, price, tv, airconditioning, fridge, view_, possible_extend)
    Values (20005, 08, 4, null, 100, true, true, true, 'sea', true);



Insert Into room (hotel_ID, room_num, capacity, damages, price, tv, airconditioning, fridge, view_, possible_extend)
    Values (20006, 01, 2, null, 100, true, true, true, 'mountain', true);

Insert Into room (hotel_ID, room_num, capacity, damages, price, tv, airconditioning, fridge, view_, possible_extend)
    Values (20006, 02, 3, null, 100, true, true, true, 'sea', true);

Insert Into room (hotel_ID, room_num, capacity, damages, price, tv, airconditioning, fridge, view_, possible_extend)
    Values (20006, 03, 4, null, 100, true, true, true, 'mountain', true);

Insert Into room (hotel_ID, room_num, capacity, damages, price, tv, airconditioning, fridge, view_, possible_extend)
    Values (20006, 04, 5, null, 100, true, true, true, 'sea', true);

Insert Into room (hotel_ID, room_num, capacity, damages, price, tv, airconditioning, fridge, view_, possible_extend)
    Values (20006, 05, 6, null, 100, true, true, true, 'mountain', true);

Insert Into room (hotel_ID, room_num, capacity, damages, price, tv, airconditioning, fridge, view_, possible_extend)
    Values (20006, 06, 4, null, 100, true, true, true, 'sea', true);

Insert Into room (hotel_ID, room_num, capacity, damages, price, tv, airconditioning, fridge, view_, possible_extend)
    Values (20006, 07, 4, null, 100, true, true, true, 'mountain', true);

Insert Into room (hotel_ID, room_num, capacity, damages, price, tv, airconditioning, fridge, view_, possible_extend)
    Values (20006, 08, 4, null, 100, true, true, true, 'sea', true);



Insert Into room (hotel_ID, room_num, capacity, damages, price, tv, airconditioning, fridge, view_, possible_extend)
    Values (20007, 01, 2, null, 100, true, true, true, 'mountain', true);

Insert Into room (hotel_ID, room_num, capacity, damages, price, tv, airconditioning, fridge, view_, possible_extend)
    Values (20007, 02, 3, null, 100, true, true, true, 'sea', true);

Insert Into room (hotel_ID, room_num, capacity, damages, price, tv, airconditioning, fridge, view_, possible_extend)
    Values (20007, 03, 4, null, 100, true, true, true, 'mountain', true);

Insert Into room (hotel_ID, room_num, capacity, damages, price, tv, airconditioning, fridge, view_, possible_extend)
    Values (20007, 04, 5, null, 100, true, true, true, 'sea', true);

Insert Into room (hotel_ID, room_num, capacity, damages, price, tv, airconditioning, fridge, view_, possible_extend)
    Values (20007, 05, 6, null, 100, true, true, true, 'mountain', true);

Insert Into room (hotel_ID, room_num, capacity, damages, price, tv, airconditioning, fridge, view_, possible_extend)
    Values (20007, 06, 4, null, 100, true, true, true, 'sea', true);

Insert Into room (hotel_ID, room_num, capacity, damages, price, tv, airconditioning, fridge, view_, possible_extend)
    Values (20007, 07, 4, null, 100, true, true, true, 'mountain', true);

Insert Into room (hotel_ID, room_num, capacity, damages, price, tv, airconditioning, fridge, view_, possible_extend)
    Values (20007, 08, 4, null, 100, true, true, true, 'sea', true);



Insert Into room (hotel_ID, room_num, capacity, damages, price, tv, airconditioning, fridge, view_, possible_extend)
    Values (20008, 01, 2, null, 100, true, true, true, 'mountain', true);

Insert Into room (hotel_ID, room_num, capacity, damages, price, tv, airconditioning, fridge, view_, possible_extend)
    Values (20008, 02, 3, null, 100, true, true, true, 'sea', true);

Insert Into room (hotel_ID, room_num, capacity, damages, price, tv, airconditioning, fridge, view_, possible_extend)
    Values (20008, 03, 4, null, 100, true, true, true, 'mountain', true);

Insert Into room (hotel_ID, room_num, capacity, damages, price, tv, airconditioning, fridge, view_, possible_extend)
    Values (20008, 04, 5, null, 100, true, true, true, 'sea', true);

Insert Into room (hotel_ID, room_num, capacity, damages, price, tv, airconditioning, fridge, view_, possible_extend)
    Values (20008, 05, 6, null, 100, true, true, true, 'mountain', true);

Insert Into room (hotel_ID, room_num, capacity, damages, price, tv, airconditioning, fridge, view_, possible_extend)
    Values (20008, 06, 4, null, 100, true, true, true, 'sea', true);

Insert Into room (hotel_ID, room_num, capacity, damages, price, tv, airconditioning, fridge, view_, possible_extend)
    Values (20008, 07, 4, null, 100, true, true, true, 'mountain', true);

Insert Into room (hotel_ID, room_num, capacity, damages, price, tv, airconditioning, fridge, view_, possible_extend)
    Values (20008, 08, 4, null, 100, true, true, true, 'sea', true);



Insert Into room (hotel_ID, room_num, capacity, damages, price, tv, airconditioning, fridge, view_, possible_extend)
    Values (20009, 01, 2, null, 100, true, true, true, 'mountain', true);

Insert Into room (hotel_ID, room_num, capacity, damages, price, tv, airconditioning, fridge, view_, possible_extend)
    Values (20009, 02, 3, null, 100, true, true, true, 'sea', true);

Insert Into room (hotel_ID, room_num, capacity, damages, price, tv, airconditioning, fridge, view_, possible_extend)
    Values (20009, 03, 4, null, 100, true, true, true, 'mountain', true);

Insert Into room (hotel_ID, room_num, capacity, damages, price, tv, airconditioning, fridge, view_, possible_extend)
    Values (20009, 04, 5, null, 100, true, true, true, 'sea', true);

Insert Into room (hotel_ID, room_num, capacity, damages, price, tv, airconditioning, fridge, view_, possible_extend)
    Values (20009, 05, 6, null, 100, true, true, true, 'mountain', true);

Insert Into room (hotel_ID, room_num, capacity, damages, price, tv, airconditioning, fridge, view_, possible_extend)
    Values (20009, 06, 4, null, 100, true, true, true, 'sea', true);

Insert Into room (hotel_ID, room_num, capacity, damages, price, tv, airconditioning, fridge, view_, possible_extend)
    Values (20009, 07, 4, null, 100, true, true, true, 'mountain', true);

Insert Into room (hotel_ID, room_num, capacity, damages, price, tv, airconditioning, fridge, view_, possible_extend)
    Values (20009, 08, 4, null, 100, true, true, true, 'sea', true);



Insert Into room (hotel_ID, room_num, capacity, damages, price, tv, airconditioning, fridge, view_, possible_extend)
    Values (20010, 01, 2, null, 100, true, true, true, 'mountain', true);

Insert Into room (hotel_ID, room_num, capacity, damages, price, tv, airconditioning, fridge, view_, possible_extend)
    Values (20010, 02, 3, null, 100, true, true, true, 'sea', true);

Insert Into room (hotel_ID, room_num, capacity, damages, price, tv, airconditioning, fridge, view_, possible_extend)
    Values (20010, 03, 4, null, 100, true, true, true, 'mountain', true);

Insert Into room (hotel_ID, room_num, capacity, damages, price, tv, airconditioning, fridge, view_, possible_extend)
    Values (20010, 04, 5, null, 100, true, true, true, 'sea', true);

Insert Into room (hotel_ID, room_num, capacity, damages, price, tv, airconditioning, fridge, view_, possible_extend)
    Values (20010, 05, 6, null, 100, true, true, true, 'mountain', true);

Insert Into room (hotel_ID, room_num, capacity, damages, price, tv, airconditioning, fridge, view_, possible_extend)
    Values (20010, 06, 4, null, 100, true, true, true, 'sea', true);

Insert Into room (hotel_ID, room_num, capacity, damages, price, tv, airconditioning, fridge, view_, possible_extend)
    Values (20010, 07, 4, null, 100, true, true, true, 'mountain', true);

Insert Into room (hotel_ID, room_num, capacity, damages, price, tv, airconditioning, fridge, view_, possible_extend)
    Values (20010, 08, 4, null, 100, true, true, true, 'sea', true);



Insert Into room (hotel_ID, room_num, capacity, damages, price, tv, airconditioning, fridge, view_, possible_extend)
    Values (30001, 01, 2, null, 100, true, true, true, 'mountain', true);

Insert Into room (hotel_ID, room_num, capacity, damages, price, tv, airconditioning, fridge, view_, possible_extend)
    Values (30001, 02, 3, null, 100, true, true, true, 'sea', true);

Insert Into room (hotel_ID, room_num, capacity, damages, price, tv, airconditioning, fridge, view_, possible_extend)
    Values (30001, 03, 4, null, 100, true, true, true, 'mountain', true);

Insert Into room (hotel_ID, room_num, capacity, damages, price, tv, airconditioning, fridge, view_, possible_extend)
    Values (30001, 04, 5, null, 100, true, true, true, 'sea', true);

Insert Into room (hotel_ID, room_num, capacity, damages, price, tv, airconditioning, fridge, view_, possible_extend)
    Values (30001, 05, 6, null, 100, true, true, true, 'mountain', true);

Insert Into room (hotel_ID, room_num, capacity, damages, price, tv, airconditioning, fridge, view_, possible_extend)
    Values (30001, 06, 4, null, 100, true, true, true, 'sea', true);

Insert Into room (hotel_ID, room_num, capacity, damages, price, tv, airconditioning, fridge, view_, possible_extend)
    Values (30001, 07, 4, null, 100, true, true, true, 'mountain', true);

Insert Into room (hotel_ID, room_num, capacity, damages, price, tv, airconditioning, fridge, view_, possible_extend)
    Values (30001, 08, 4, null, 100, true, true, true, 'sea', true);



Insert Into room (hotel_ID, room_num, capacity, damages, price, tv, airconditioning, fridge, view_, possible_extend)
    Values (30002, 01, 2, null, 100, true, true, true, 'mountain', true);

Insert Into room (hotel_ID, room_num, capacity, damages, price, tv, airconditioning, fridge, view_, possible_extend)
    Values (30002, 02, 3, null, 100, true, true, true, 'sea', true);

Insert Into room (hotel_ID, room_num, capacity, damages, price, tv, airconditioning, fridge, view_, possible_extend)
    Values (30002, 03, 4, null, 100, true, true, true, 'mountain', true);

Insert Into room (hotel_ID, room_num, capacity, damages, price, tv, airconditioning, fridge, view_, possible_extend)
    Values (30002, 04, 5, null, 100, true, true, true, 'sea', true);

Insert Into room (hotel_ID, room_num, capacity, damages, price, tv, airconditioning, fridge, view_, possible_extend)
    Values (30002, 05, 6, null, 100, true, true, true, 'mountain', true);

Insert Into room (hotel_ID, room_num, capacity, damages, price, tv, airconditioning, fridge, view_, possible_extend)
    Values (30002, 06, 4, null, 100, true, true, true, 'sea', true);

Insert Into room (hotel_ID, room_num, capacity, damages, price, tv, airconditioning, fridge, view_, possible_extend)
    Values (30002, 07, 4, null, 100, true, true, true, 'mountain', true);

Insert Into room (hotel_ID, room_num, capacity, damages, price, tv, airconditioning, fridge, view_, possible_extend)
    Values (30002, 08, 4, null, 100, true, true, true, 'sea', true);



Insert Into room (hotel_ID, room_num, capacity, damages, price, tv, airconditioning, fridge, view_, possible_extend)
    Values (30003, 01, 2, null, 100, true, true, true, 'mountain', true);

Insert Into room (hotel_ID, room_num, capacity, damages, price, tv, airconditioning, fridge, view_, possible_extend)
    Values (30003, 02, 3, null, 100, true, true, true, 'sea', true);

Insert Into room (hotel_ID, room_num, capacity, damages, price, tv, airconditioning, fridge, view_, possible_extend)
    Values (30003, 03, 4, null, 100, true, true, true, 'mountain', true);

Insert Into room (hotel_ID, room_num, capacity, damages, price, tv, airconditioning, fridge, view_, possible_extend)
    Values (30003, 04, 5, null, 100, true, true, true, 'sea', true);

Insert Into room (hotel_ID, room_num, capacity, damages, price, tv, airconditioning, fridge, view_, possible_extend)
    Values (30003, 05, 6, null, 100, true, true, true, 'mountain', true);

Insert Into room (hotel_ID, room_num, capacity, damages, price, tv, airconditioning, fridge, view_, possible_extend)
    Values (30003, 06, 4, null, 100, true, true, true, 'sea', true);

Insert Into room (hotel_ID, room_num, capacity, damages, price, tv, airconditioning, fridge, view_, possible_extend)
    Values (30003, 07, 4, null, 100, true, true, true, 'mountain', true);

Insert Into room (hotel_ID, room_num, capacity, damages, price, tv, airconditioning, fridge, view_, possible_extend)
    Values (30003, 08, 4, null, 100, true, true, true, 'sea', true);



Insert Into room (hotel_ID, room_num, capacity, damages, price, tv, airconditioning, fridge, view_, possible_extend)
    Values (30004, 01, 2, null, 100, true, true, true, 'mountain', true);

Insert Into room (hotel_ID, room_num, capacity, damages, price, tv, airconditioning, fridge, view_, possible_extend)
    Values (30004, 02, 3, null, 100, true, true, true, 'sea', true);

Insert Into room (hotel_ID, room_num, capacity, damages, price, tv, airconditioning, fridge, view_, possible_extend)
    Values (30004, 03, 4, null, 100, true, true, true, 'mountain', true);

Insert Into room (hotel_ID, room_num, capacity, damages, price, tv, airconditioning, fridge, view_, possible_extend)
    Values (30004, 04, 5, null, 100, true, true, true, 'sea', true);

Insert Into room (hotel_ID, room_num, capacity, damages, price, tv, airconditioning, fridge, view_, possible_extend)
    Values (30004, 05, 6, null, 100, true, true, true, 'mountain', true);

Insert Into room (hotel_ID, room_num, capacity, damages, price, tv, airconditioning, fridge, view_, possible_extend)
    Values (30004, 06, 4, null, 100, true, true, true, 'sea', true);

Insert Into room (hotel_ID, room_num, capacity, damages, price, tv, airconditioning, fridge, view_, possible_extend)
    Values (30004, 07, 4, null, 100, true, true, true, 'mountain', true);

Insert Into room (hotel_ID, room_num, capacity, damages, price, tv, airconditioning, fridge, view_, possible_extend)
    Values (30004, 08, 4, null, 100, true, true, true, 'sea', true);



Insert Into room (hotel_ID, room_num, capacity, damages, price, tv, airconditioning, fridge, view_, possible_extend)
    Values (30005, 01, 2, null, 100, true, true, true, 'mountain', true);

Insert Into room (hotel_ID, room_num, capacity, damages, price, tv, airconditioning, fridge, view_, possible_extend)
    Values (30005, 02, 3, null, 100, true, true, true, 'sea', true);

Insert Into room (hotel_ID, room_num, capacity, damages, price, tv, airconditioning, fridge, view_, possible_extend)
    Values (30005, 03, 4, null, 100, true, true, true, 'mountain', true);

Insert Into room (hotel_ID, room_num, capacity, damages, price, tv, airconditioning, fridge, view_, possible_extend)
    Values (30005, 04, 5, null, 100, true, true, true, 'sea', true);

Insert Into room (hotel_ID, room_num, capacity, damages, price, tv, airconditioning, fridge, view_, possible_extend)
    Values (30005, 05, 6, null, 100, true, true, true, 'mountain', true);

Insert Into room (hotel_ID, room_num, capacity, damages, price, tv, airconditioning, fridge, view_, possible_extend)
    Values (30005, 06, 4, null, 100, true, true, true, 'sea', true);

Insert Into room (hotel_ID, room_num, capacity, damages, price, tv, airconditioning, fridge, view_, possible_extend)
    Values (30005, 07, 4, null, 100, true, true, true, 'mountain', true);

Insert Into room (hotel_ID, room_num, capacity, damages, price, tv, airconditioning, fridge, view_, possible_extend)
    Values (30005, 08, 4, null, 100, true, true, true, 'sea', true);



Insert Into room (hotel_ID, room_num, capacity, damages, price, tv, airconditioning, fridge, view_, possible_extend)
    Values (30006, 01, 2, null, 100, true, true, true, 'mountain', true);

Insert Into room (hotel_ID, room_num, capacity, damages, price, tv, airconditioning, fridge, view_, possible_extend)
    Values (30006, 02, 3, null, 100, true, true, true, 'sea', true);

Insert Into room (hotel_ID, room_num, capacity, damages, price, tv, airconditioning, fridge, view_, possible_extend)
    Values (30006, 03, 4, null, 100, true, true, true, 'mountain', true);

Insert Into room (hotel_ID, room_num, capacity, damages, price, tv, airconditioning, fridge, view_, possible_extend)
    Values (30006, 04, 5, null, 100, true, true, true, 'sea', true);

Insert Into room (hotel_ID, room_num, capacity, damages, price, tv, airconditioning, fridge, view_, possible_extend)
    Values (30006, 05, 6, null, 100, true, true, true, 'mountain', true);

Insert Into room (hotel_ID, room_num, capacity, damages, price, tv, airconditioning, fridge, view_, possible_extend)
    Values (30006, 06, 4, null, 100, true, true, true, 'sea', true);

Insert Into room (hotel_ID, room_num, capacity, damages, price, tv, airconditioning, fridge, view_, possible_extend)
    Values (30006, 07, 4, null, 100, true, true, true, 'mountain', true);

Insert Into room (hotel_ID, room_num, capacity, damages, price, tv, airconditioning, fridge, view_, possible_extend)
    Values (30006, 08, 4, null, 100, true, true, true, 'sea', true);



Insert Into room (hotel_ID, room_num, capacity, damages, price, tv, airconditioning, fridge, view_, possible_extend)
    Values (30007, 01, 2, null, 100, true, true, true, 'mountain', true);

Insert Into room (hotel_ID, room_num, capacity, damages, price, tv, airconditioning, fridge, view_, possible_extend)
    Values (30007, 02, 3, null, 100, true, true, true, 'sea', true);

Insert Into room (hotel_ID, room_num, capacity, damages, price, tv, airconditioning, fridge, view_, possible_extend)
    Values (30007, 03, 4, null, 100, true, true, true, 'mountain', true);

Insert Into room (hotel_ID, room_num, capacity, damages, price, tv, airconditioning, fridge, view_, possible_extend)
    Values (30007, 04, 5, null, 100, true, true, true, 'sea', true);

Insert Into room (hotel_ID, room_num, capacity, damages, price, tv, airconditioning, fridge, view_, possible_extend)
    Values (30007, 05, 6, null, 100, true, true, true, 'mountain', true);

Insert Into room (hotel_ID, room_num, capacity, damages, price, tv, airconditioning, fridge, view_, possible_extend)
    Values (30007, 06, 4, null, 100, true, true, true, 'sea', true);

Insert Into room (hotel_ID, room_num, capacity, damages, price, tv, airconditioning, fridge, view_, possible_extend)
    Values (30007, 07, 4, null, 100, true, true, true, 'mountain', true);

Insert Into room (hotel_ID, room_num, capacity, damages, price, tv, airconditioning, fridge, view_, possible_extend)
    Values (30007, 08, 4, null, 100, true, true, true, 'sea', true);



Insert Into room (hotel_ID, room_num, capacity, damages, price, tv, airconditioning, fridge, view_, possible_extend)
    Values (30008, 01, 2, null, 100, true, true, true, 'mountain', true);

Insert Into room (hotel_ID, room_num, capacity, damages, price, tv, airconditioning, fridge, view_, possible_extend)
    Values (30008, 02, 3, null, 100, true, true, true, 'sea', true);

Insert Into room (hotel_ID, room_num, capacity, damages, price, tv, airconditioning, fridge, view_, possible_extend)
    Values (30008, 03, 4, null, 100, true, true, true, 'mountain', true);

Insert Into room (hotel_ID, room_num, capacity, damages, price, tv, airconditioning, fridge, view_, possible_extend)
    Values (30008, 04, 5, null, 100, true, true, true, 'sea', true);

Insert Into room (hotel_ID, room_num, capacity, damages, price, tv, airconditioning, fridge, view_, possible_extend)
    Values (30008, 05, 6, null, 100, true, true, true, 'mountain', true);

Insert Into room (hotel_ID, room_num, capacity, damages, price, tv, airconditioning, fridge, view_, possible_extend)
    Values (30008, 06, 4, null, 100, true, true, true, 'sea', true);

Insert Into room (hotel_ID, room_num, capacity, damages, price, tv, airconditioning, fridge, view_, possible_extend)
    Values (30008, 07, 4, null, 100, true, true, true, 'mountain', true);

Insert Into room (hotel_ID, room_num, capacity, damages, price, tv, airconditioning, fridge, view_, possible_extend)
    Values (30008, 08, 4, null, 100, true, true, true, 'sea', true);

select * from all_rooms where province = 'Nova Scotia';

Insert Into room (hotel_ID, room_num, capacity, damages, price, tv, airconditioning, fridge, view_, possible_extend)
    Values (30009, 01, 2, null, 100, true, true, true, 'mountain', true);

Insert Into room (hotel_ID, room_num, capacity, damages, price, tv, airconditioning, fridge, view_, possible_extend)
    Values (30009, 02, 3, null, 100, true, true, true, 'sea', true);

Insert Into room (hotel_ID, room_num, capacity, damages, price, tv, airconditioning, fridge, view_, possible_extend)
    Values (30009, 03, 4, null, 100, true, true, true, 'mountain', true);

Insert Into room (hotel_ID, room_num, capacity, damages, price, tv, airconditioning, fridge, view_, possible_extend)
    Values (30009, 04, 5, null, 100, true, true, true, 'sea', true);

Insert Into room (hotel_ID, room_num, capacity, damages, price, tv, airconditioning, fridge, view_, possible_extend)
    Values (30009, 05, 6, null, 100, true, true, true, 'mountain', true);

Insert Into room (hotel_ID, room_num, capacity, damages, price, tv, airconditioning, fridge, view_, possible_extend)
    Values (30009, 06, 4, null, 100, true, true, true, 'sea', true);

Insert Into room (hotel_ID, room_num, capacity, damages, price, tv, airconditioning, fridge, view_, possible_extend)
    Values (30009, 07, 4, null, 100, true, true, true, 'mountain', true);

Insert Into room (hotel_ID, room_num, capacity, damages, price, tv, airconditioning, fridge, view_, possible_extend)
    Values (30009, 08, 4, null, 100, true, true, true, 'sea', true);



Insert Into room (hotel_ID, room_num, capacity, damages, price, tv, airconditioning, fridge, view_, possible_extend)
    Values (30010, 01, 2, null, 100, true, true, true, 'mountain', true);

Insert Into room (hotel_ID, room_num, capacity, damages, price, tv, airconditioning, fridge, view_, possible_extend)
    Values (30010, 02, 3, null, 100, true, true, true, 'sea', true);

Insert Into room (hotel_ID, room_num, capacity, damages, price, tv, airconditioning, fridge, view_, possible_extend)
    Values (30010, 03, 4, null, 100, true, true, true, 'mountain', true);

Insert Into room (hotel_ID, room_num, capacity, damages, price, tv, airconditioning, fridge, view_, possible_extend)
    Values (30010, 04, 5, null, 100, true, true, true, 'sea', true);

Insert Into room (hotel_ID, room_num, capacity, damages, price, tv, airconditioning, fridge, view_, possible_extend)
    Values (30010, 05, 6, null, 100, true, true, true, 'mountain', true);

Insert Into room (hotel_ID, room_num, capacity, damages, price, tv, airconditioning, fridge, view_, possible_extend)
    Values (30010, 06, 4, null, 100, true, true, true, 'sea', true);

Insert Into room (hotel_ID, room_num, capacity, damages, price, tv, airconditioning, fridge, view_, possible_extend)
    Values (30010, 07, 4, null, 100, true, true, true, 'mountain', true);

Insert Into room (hotel_ID, room_num, capacity, damages, price, tv, airconditioning, fridge, view_, possible_extend)
    Values (30010, 08, 4, null, 100, true, true, true, 'sea', true);



Insert Into room (hotel_ID, room_num, capacity, damages, price, tv, airconditioning, fridge, view_, possible_extend)
    Values (30011, 01, 2, null, 100, true, true, true, 'mountain', true);

Insert Into room (hotel_ID, room_num, capacity, damages, price, tv, airconditioning, fridge, view_, possible_extend)
    Values (30011, 02, 3, null, 100, true, true, true, 'sea', true);

Insert Into room (hotel_ID, room_num, capacity, damages, price, tv, airconditioning, fridge, view_, possible_extend)
    Values (30011, 03, 4, null, 100, true, true, true, 'mountain', true);

Insert Into room (hotel_ID, room_num, capacity, damages, price, tv, airconditioning, fridge, view_, possible_extend)
    Values (30011, 04, 5, null, 100, true, true, true, 'sea', true);

Insert Into room (hotel_ID, room_num, capacity, damages, price, tv, airconditioning, fridge, view_, possible_extend)
    Values (30011, 05, 6, null, 100, true, true, true, 'mountain', true);

Insert Into room (hotel_ID, room_num, capacity, damages, price, tv, airconditioning, fridge, view_, possible_extend)
    Values (30011, 06, 4, null, 100, true, true, true, 'sea', true);

Insert Into room (hotel_ID, room_num, capacity, damages, price, tv, airconditioning, fridge, view_, possible_extend)
    Values (30011, 07, 4, null, 100, true, true, true, 'mountain', true);

Insert Into room (hotel_ID, room_num, capacity, damages, price, tv, airconditioning, fridge, view_, possible_extend)
    Values (30011, 08, 4, null, 100, true, true, true, 'sea', true);



Insert Into room (hotel_ID, room_num, capacity, damages, price, tv, airconditioning, fridge, view_, possible_extend)
    Values (40001, 01, 2, null, 100, true, true, true, 'mountain', true);

Insert Into room (hotel_ID, room_num, capacity, damages, price, tv, airconditioning, fridge, view_, possible_extend)
    Values (40001, 02, 3, null, 100, true, true, true, 'sea', true);

Insert Into room (hotel_ID, room_num, capacity, damages, price, tv, airconditioning, fridge, view_, possible_extend)
    Values (40001, 03, 4, null, 100, true, true, true, 'mountain', true);

Insert Into room (hotel_ID, room_num, capacity, damages, price, tv, airconditioning, fridge, view_, possible_extend)
    Values (40001, 04, 5, null, 100, true, true, true, 'sea', true);

Insert Into room (hotel_ID, room_num, capacity, damages, price, tv, airconditioning, fridge, view_, possible_extend)
    Values (40001, 05, 6, null, 100, true, true, true, 'mountain', true);

Insert Into room (hotel_ID, room_num, capacity, damages, price, tv, airconditioning, fridge, view_, possible_extend)
    Values (40001, 06, 4, null, 100, true, true, true, 'sea', true);

Insert Into room (hotel_ID, room_num, capacity, damages, price, tv, airconditioning, fridge, view_, possible_extend)
    Values (40001, 07, 4, null, 100, true, true, true, 'mountain', true);

Insert Into room (hotel_ID, room_num, capacity, damages, price, tv, airconditioning, fridge, view_, possible_extend)
    Values (40001, 08, 4, null, 100, true, true, true, 'sea', true);



Insert Into room (hotel_ID, room_num, capacity, damages, price, tv, airconditioning, fridge, view_, possible_extend)
    Values (40002, 01, 2, null, 100, true, true, true, 'mountain', true);

Insert Into room (hotel_ID, room_num, capacity, damages, price, tv, airconditioning, fridge, view_, possible_extend)
    Values (40002, 02, 3, null, 100, true, true, true, 'sea', true);

Insert Into room (hotel_ID, room_num, capacity, damages, price, tv, airconditioning, fridge, view_, possible_extend)
    Values (40002, 03, 4, null, 100, true, true, true, 'mountain', true);

Insert Into room (hotel_ID, room_num, capacity, damages, price, tv, airconditioning, fridge, view_, possible_extend)
    Values (40002, 04, 5, null, 100, true, true, true, 'sea', true);

Insert Into room (hotel_ID, room_num, capacity, damages, price, tv, airconditioning, fridge, view_, possible_extend)
    Values (40002, 05, 6, null, 100, true, true, true, 'mountain', true);

Insert Into room (hotel_ID, room_num, capacity, damages, price, tv, airconditioning, fridge, view_, possible_extend)
    Values (40002, 06, 4, null, 100, true, true, true, 'sea', true);

Insert Into room (hotel_ID, room_num, capacity, damages, price, tv, airconditioning, fridge, view_, possible_extend)
    Values (40002, 07, 4, null, 100, true, true, true, 'mountain', true);

Insert Into room (hotel_ID, room_num, capacity, damages, price, tv, airconditioning, fridge, view_, possible_extend)
    Values (40002, 08, 4, null, 100, true, true, true, 'sea', true);



Insert Into room (hotel_ID, room_num, capacity, damages, price, tv, airconditioning, fridge, view_, possible_extend)
    Values (40003, 01, 2, null, 100, true, true, true, 'mountain', true);

Insert Into room (hotel_ID, room_num, capacity, damages, price, tv, airconditioning, fridge, view_, possible_extend)
    Values (40003, 02, 3, null, 100, true, true, true, 'sea', true);

Insert Into room (hotel_ID, room_num, capacity, damages, price, tv, airconditioning, fridge, view_, possible_extend)
    Values (40003, 03, 4, null, 100, true, true, true, 'mountain', true);

Insert Into room (hotel_ID, room_num, capacity, damages, price, tv, airconditioning, fridge, view_, possible_extend)
    Values (40003, 04, 5, null, 100, true, true, true, 'sea', true);

Insert Into room (hotel_ID, room_num, capacity, damages, price, tv, airconditioning, fridge, view_, possible_extend)
    Values (40003, 05, 6, null, 100, true, true, true, 'mountain', true);

Insert Into room (hotel_ID, room_num, capacity, damages, price, tv, airconditioning, fridge, view_, possible_extend)
    Values (40003, 06, 4, null, 100, true, true, true, 'sea', true);

Insert Into room (hotel_ID, room_num, capacity, damages, price, tv, airconditioning, fridge, view_, possible_extend)
    Values (40003, 07, 4, null, 100, true, true, true, 'mountain', true);

Insert Into room (hotel_ID, room_num, capacity, damages, price, tv, airconditioning, fridge, view_, possible_extend)
    Values (40003, 08, 4, null, 100, true, true, true, 'sea', true);



Insert Into room (hotel_ID, room_num, capacity, damages, price, tv, airconditioning, fridge, view_, possible_extend)
    Values (40004, 01, 2, null, 100, true, true, true, 'mountain', true);

Insert Into room (hotel_ID, room_num, capacity, damages, price, tv, airconditioning, fridge, view_, possible_extend)
    Values (40004, 02, 3, null, 100, true, true, true, 'sea', true);

Insert Into room (hotel_ID, room_num, capacity, damages, price, tv, airconditioning, fridge, view_, possible_extend)
    Values (40004, 03, 4, null, 100, true, true, true, 'mountain', true);

Insert Into room (hotel_ID, room_num, capacity, damages, price, tv, airconditioning, fridge, view_, possible_extend)
    Values (40004, 04, 5, null, 100, true, true, true, 'sea', true);

Insert Into room (hotel_ID, room_num, capacity, damages, price, tv, airconditioning, fridge, view_, possible_extend)
    Values (40004, 05, 6, null, 100, true, true, true, 'mountain', true);

Insert Into room (hotel_ID, room_num, capacity, damages, price, tv, airconditioning, fridge, view_, possible_extend)
    Values (40004, 06, 4, null, 100, true, true, true, 'sea', true);

Insert Into room (hotel_ID, room_num, capacity, damages, price, tv, airconditioning, fridge, view_, possible_extend)
    Values (40004, 07, 4, null, 100, true, true, true, 'mountain', true);

Insert Into room (hotel_ID, room_num, capacity, damages, price, tv, airconditioning, fridge, view_, possible_extend)
    Values (40004, 08, 4, null, 100, true, true, true, 'sea', true);



Insert Into room (hotel_ID, room_num, capacity, damages, price, tv, airconditioning, fridge, view_, possible_extend)
    Values (40005, 01, 2, null, 100, true, true, true, 'mountain', true);

Insert Into room (hotel_ID, room_num, capacity, damages, price, tv, airconditioning, fridge, view_, possible_extend)
    Values (40005, 02, 3, null, 100, true, true, true, 'sea', true);

Insert Into room (hotel_ID, room_num, capacity, damages, price, tv, airconditioning, fridge, view_, possible_extend)
    Values (40005, 03, 4, null, 100, true, true, true, 'mountain', true);

Insert Into room (hotel_ID, room_num, capacity, damages, price, tv, airconditioning, fridge, view_, possible_extend)
    Values (40005, 04, 5, null, 100, true, true, true, 'sea', true);

Insert Into room (hotel_ID, room_num, capacity, damages, price, tv, airconditioning, fridge, view_, possible_extend)
    Values (40005, 05, 6, null, 100, true, true, true, 'mountain', true);

Insert Into room (hotel_ID, room_num, capacity, damages, price, tv, airconditioning, fridge, view_, possible_extend)
    Values (40005, 06, 4, null, 100, true, true, true, 'sea', true);

Insert Into room (hotel_ID, room_num, capacity, damages, price, tv, airconditioning, fridge, view_, possible_extend)
    Values (40005, 07, 4, null, 100, true, true, true, 'mountain', true);

Insert Into room (hotel_ID, room_num, capacity, damages, price, tv, airconditioning, fridge, view_, possible_extend)
    Values (40005, 08, 4, null, 100, true, true, true, 'sea', true);



Insert Into room (hotel_ID, room_num, capacity, damages, price, tv, airconditioning, fridge, view_, possible_extend)
    Values (40006, 01, 2, null, 100, true, true, true, 'mountain', true);

Insert Into room (hotel_ID, room_num, capacity, damages, price, tv, airconditioning, fridge, view_, possible_extend)
    Values (40006, 02, 3, null, 100, true, true, true, 'sea', true);

Insert Into room (hotel_ID, room_num, capacity, damages, price, tv, airconditioning, fridge, view_, possible_extend)
    Values (40006, 03, 4, null, 100, true, true, true, 'mountain', true);

Insert Into room (hotel_ID, room_num, capacity, damages, price, tv, airconditioning, fridge, view_, possible_extend)
    Values (40006, 04, 5, null, 100, true, true, true, 'sea', true);

Insert Into room (hotel_ID, room_num, capacity, damages, price, tv, airconditioning, fridge, view_, possible_extend)
    Values (40006, 05, 6, null, 100, true, true, true, 'mountain', true);

Insert Into room (hotel_ID, room_num, capacity, damages, price, tv, airconditioning, fridge, view_, possible_extend)
    Values (40006, 06, 4, null, 100, true, true, true, 'sea', true);

Insert Into room (hotel_ID, room_num, capacity, damages, price, tv, airconditioning, fridge, view_, possible_extend)
    Values (40006, 07, 4, null, 100, true, true, true, 'mountain', true);

Insert Into room (hotel_ID, room_num, capacity, damages, price, tv, airconditioning, fridge, view_, possible_extend)
    Values (40006, 08, 4, null, 100, true, true, true, 'sea', true);



Insert Into room (hotel_ID, room_num, capacity, damages, price, tv, airconditioning, fridge, view_, possible_extend)
    Values (40007, 01, 2, null, 100, true, true, true, 'mountain', true);

Insert Into room (hotel_ID, room_num, capacity, damages, price, tv, airconditioning, fridge, view_, possible_extend)
    Values (40007, 02, 3, null, 100, true, true, true, 'sea', true);

Insert Into room (hotel_ID, room_num, capacity, damages, price, tv, airconditioning, fridge, view_, possible_extend)
    Values (40007, 03, 4, null, 100, true, true, true, 'mountain', true);

Insert Into room (hotel_ID, room_num, capacity, damages, price, tv, airconditioning, fridge, view_, possible_extend)
    Values (40007, 04, 5, null, 100, true, true, true, 'sea', true);

Insert Into room (hotel_ID, room_num, capacity, damages, price, tv, airconditioning, fridge, view_, possible_extend)
    Values (40007, 05, 6, null, 100, true, true, true, 'mountain', true);

Insert Into room (hotel_ID, room_num, capacity, damages, price, tv, airconditioning, fridge, view_, possible_extend)
    Values (40007, 06, 4, null, 100, true, true, true, 'sea', true);

Insert Into room (hotel_ID, room_num, capacity, damages, price, tv, airconditioning, fridge, view_, possible_extend)
    Values (40007, 07, 4, null, 100, true, true, true, 'mountain', true);

Insert Into room (hotel_ID, room_num, capacity, damages, price, tv, airconditioning, fridge, view_, possible_extend)
    Values (40007, 08, 4, null, 100, true, true, true, 'sea', true);



Insert Into room (hotel_ID, room_num, capacity, damages, price, tv, airconditioning, fridge, view_, possible_extend)
    Values (40008, 01, 2, null, 100, true, true, true, 'mountain', true);

Insert Into room (hotel_ID, room_num, capacity, damages, price, tv, airconditioning, fridge, view_, possible_extend)
    Values (40008, 02, 3, null, 100, true, true, true, 'sea', true);

Insert Into room (hotel_ID, room_num, capacity, damages, price, tv, airconditioning, fridge, view_, possible_extend)
    Values (40008, 03, 4, null, 100, true, true, true, 'mountain', true);

Insert Into room (hotel_ID, room_num, capacity, damages, price, tv, airconditioning, fridge, view_, possible_extend)
    Values (40008, 04, 5, null, 100, true, true, true, 'sea', true);

Insert Into room (hotel_ID, room_num, capacity, damages, price, tv, airconditioning, fridge, view_, possible_extend)
    Values (40008, 05, 6, null, 100, true, true, true, 'mountain', true);

Insert Into room (hotel_ID, room_num, capacity, damages, price, tv, airconditioning, fridge, view_, possible_extend)
    Values (40008, 06, 4, null, 100, true, true, true, 'sea', true);

Insert Into room (hotel_ID, room_num, capacity, damages, price, tv, airconditioning, fridge, view_, possible_extend)
    Values (40008, 07, 4, null, 100, true, true, true, 'mountain', true);

Insert Into room (hotel_ID, room_num, capacity, damages, price, tv, airconditioning, fridge, view_, possible_extend)
    Values (40008, 08, 4, null, 100, true, true, true, 'sea', true);



Insert Into room (hotel_ID, room_num, capacity, damages, price, tv, airconditioning, fridge, view_, possible_extend)
    Values (40009, 01, 2, null, 100, true, true, true, 'mountain', true);

Insert Into room (hotel_ID, room_num, capacity, damages, price, tv, airconditioning, fridge, view_, possible_extend)
    Values (40009, 02, 3, null, 100, true, true, true, 'sea', true);

Insert Into room (hotel_ID, room_num, capacity, damages, price, tv, airconditioning, fridge, view_, possible_extend)
    Values (40009, 03, 4, null, 100, true, true, true, 'mountain', true);

Insert Into room (hotel_ID, room_num, capacity, damages, price, tv, airconditioning, fridge, view_, possible_extend)
    Values (40009, 04, 5, null, 100, true, true, true, 'sea', true);

Insert Into room (hotel_ID, room_num, capacity, damages, price, tv, airconditioning, fridge, view_, possible_extend)
    Values (40009, 05, 6, null, 100, true, true, true, 'mountain', true);

Insert Into room (hotel_ID, room_num, capacity, damages, price, tv, airconditioning, fridge, view_, possible_extend)
    Values (40009, 06, 4, null, 100, true, true, true, 'sea', true);

Insert Into room (hotel_ID, room_num, capacity, damages, price, tv, airconditioning, fridge, view_, possible_extend)
    Values (40009, 07, 4, null, 100, true, true, true, 'mountain', true);

Insert Into room (hotel_ID, room_num, capacity, damages, price, tv, airconditioning, fridge, view_, possible_extend)
    Values (40009, 08, 4, null, 100, true, true, true, 'sea', true);


Insert Into room (hotel_ID, room_num, capacity, damages, price, tv, airconditioning, fridge, view_, possible_extend)
    Values (50001, 01, 2, null, 100, true, true, true, 'mountain', true);

Insert Into room (hotel_ID, room_num, capacity, damages, price, tv, airconditioning, fridge, view_, possible_extend)
    Values (50001, 02, 3, null, 100, true, true, true, 'sea', true);

Insert Into room (hotel_ID, room_num, capacity, damages, price, tv, airconditioning, fridge, view_, possible_extend)
    Values (50001, 03, 4, null, 100, true, true, true, 'mountain', true);

Insert Into room (hotel_ID, room_num, capacity, damages, price, tv, airconditioning, fridge, view_, possible_extend)
    Values (50001, 04, 5, null, 100, true, true, true, 'sea', true);

Insert Into room (hotel_ID, room_num, capacity, damages, price, tv, airconditioning, fridge, view_, possible_extend)
    Values (50001, 05, 6, null, 100, true, true, true, 'mountain', true);

Insert Into room (hotel_ID, room_num, capacity, damages, price, tv, airconditioning, fridge, view_, possible_extend)
    Values (50001, 06, 4, null, 100, true, true, true, 'sea', true);

Insert Into room (hotel_ID, room_num, capacity, damages, price, tv, airconditioning, fridge, view_, possible_extend)
    Values (50001, 07, 4, null, 100, true, true, true, 'mountain', true);

Insert Into room (hotel_ID, room_num, capacity, damages, price, tv, airconditioning, fridge, view_, possible_extend)
    Values (50001, 08, 4, null, 100, true, true, true, 'sea', true);



Insert Into room (hotel_ID, room_num, capacity, damages, price, tv, airconditioning, fridge, view_, possible_extend)
    Values (50002, 01, 2, null, 100, true, true, true, 'mountain', true);

Insert Into room (hotel_ID, room_num, capacity, damages, price, tv, airconditioning, fridge, view_, possible_extend)
    Values (50002, 02, 3, null, 100, true, true, true, 'sea', true);

Insert Into room (hotel_ID, room_num, capacity, damages, price, tv, airconditioning, fridge, view_, possible_extend)
    Values (50002, 03, 4, null, 100, true, true, true, 'mountain', true);

Insert Into room (hotel_ID, room_num, capacity, damages, price, tv, airconditioning, fridge, view_, possible_extend)
    Values (50002, 04, 5, null, 100, true, true, true, 'sea', true);

Insert Into room (hotel_ID, room_num, capacity, damages, price, tv, airconditioning, fridge, view_, possible_extend)
    Values (50002, 05, 6, null, 100, true, true, true, 'mountain', true);

Insert Into room (hotel_ID, room_num, capacity, damages, price, tv, airconditioning, fridge, view_, possible_extend)
    Values (50002, 06, 4, null, 100, true, true, true, 'sea', true);

Insert Into room (hotel_ID, room_num, capacity, damages, price, tv, airconditioning, fridge, view_, possible_extend)
    Values (50002, 07, 4, null, 100, true, true, true, 'mountain', true);

Insert Into room (hotel_ID, room_num, capacity, damages, price, tv, airconditioning, fridge, view_, possible_extend)
    Values (50002, 08, 4, null, 100, true, true, true, 'sea', true);



Insert Into room (hotel_ID, room_num, capacity, damages, price, tv, airconditioning, fridge, view_, possible_extend)
    Values (50003, 01, 2, null, 100, true, true, true, 'mountain', true);

Insert Into room (hotel_ID, room_num, capacity, damages, price, tv, airconditioning, fridge, view_, possible_extend)
    Values (50003, 02, 3, null, 100, true, true, true, 'sea', true);

Insert Into room (hotel_ID, room_num, capacity, damages, price, tv, airconditioning, fridge, view_, possible_extend)
    Values (50003, 03, 4, null, 100, true, true, true, 'mountain', true);

Insert Into room (hotel_ID, room_num, capacity, damages, price, tv, airconditioning, fridge, view_, possible_extend)
    Values (50003, 04, 5, null, 100, true, true, true, 'sea', true);

Insert Into room (hotel_ID, room_num, capacity, damages, price, tv, airconditioning, fridge, view_, possible_extend)
    Values (50003, 05, 6, null, 100, true, true, true, 'mountain', true);

Insert Into room (hotel_ID, room_num, capacity, damages, price, tv, airconditioning, fridge, view_, possible_extend)
    Values (50003, 06, 4, null, 100, true, true, true, 'sea', true);

Insert Into room (hotel_ID, room_num, capacity, damages, price, tv, airconditioning, fridge, view_, possible_extend)
    Values (50003, 07, 4, null, 100, true, true, true, 'mountain', true);

Insert Into room (hotel_ID, room_num, capacity, damages, price, tv, airconditioning, fridge, view_, possible_extend)
    Values (50003, 08, 4, null, 100, true, true, true, 'sea', true);



Insert Into room (hotel_ID, room_num, capacity, damages, price, tv, airconditioning, fridge, view_, possible_extend)
    Values (50004, 01, 2, null, 100, true, true, true, 'mountain', true);

Insert Into room (hotel_ID, room_num, capacity, damages, price, tv, airconditioning, fridge, view_, possible_extend)
    Values (50004, 02, 3, null, 100, true, true, true, 'sea', true);

Insert Into room (hotel_ID, room_num, capacity, damages, price, tv, airconditioning, fridge, view_, possible_extend)
    Values (50004, 03, 4, null, 100, true, true, true, 'mountain', true);

Insert Into room (hotel_ID, room_num, capacity, damages, price, tv, airconditioning, fridge, view_, possible_extend)
    Values (50004, 04, 5, null, 100, true, true, true, 'sea', true);

Insert Into room (hotel_ID, room_num, capacity, damages, price, tv, airconditioning, fridge, view_, possible_extend)
    Values (50004, 05, 6, null, 100, true, true, true, 'mountain', true);

Insert Into room (hotel_ID, room_num, capacity, damages, price, tv, airconditioning, fridge, view_, possible_extend)
    Values (50004, 06, 4, null, 100, true, true, true, 'sea', true);

Insert Into room (hotel_ID, room_num, capacity, damages, price, tv, airconditioning, fridge, view_, possible_extend)
    Values (50004, 07, 4, null, 100, true, true, true, 'mountain', true);

Insert Into room (hotel_ID, room_num, capacity, damages, price, tv, airconditioning, fridge, view_, possible_extend)
    Values (50004, 08, 4, null, 100, true, true, true, 'sea', true);



Insert Into room (hotel_ID, room_num, capacity, damages, price, tv, airconditioning, fridge, view_, possible_extend)
    Values (50005, 01, 2, null, 100, true, true, true, 'mountain', true);

Insert Into room (hotel_ID, room_num, capacity, damages, price, tv, airconditioning, fridge, view_, possible_extend)
    Values (50005, 02, 3, null, 100, true, true, true, 'sea', true);

Insert Into room (hotel_ID, room_num, capacity, damages, price, tv, airconditioning, fridge, view_, possible_extend)
    Values (50005, 03, 4, null, 100, true, true, true, 'mountain', true);

Insert Into room (hotel_ID, room_num, capacity, damages, price, tv, airconditioning, fridge, view_, possible_extend)
    Values (50005, 04, 5, null, 100, true, true, true, 'sea', true);

Insert Into room (hotel_ID, room_num, capacity, damages, price, tv, airconditioning, fridge, view_, possible_extend)
    Values (50005, 05, 6, null, 100, true, true, true, 'mountain', true);

Insert Into room (hotel_ID, room_num, capacity, damages, price, tv, airconditioning, fridge, view_, possible_extend)
    Values (50005, 06, 4, null, 100, true, true, true, 'sea', true);

Insert Into room (hotel_ID, room_num, capacity, damages, price, tv, airconditioning, fridge, view_, possible_extend)
    Values (50005, 07, 4, null, 100, true, true, true, 'mountain', true);

Insert Into room (hotel_ID, room_num, capacity, damages, price, tv, airconditioning, fridge, view_, possible_extend)
    Values (50005, 08, 4, null, 100, true, true, true, 'sea', true);



Insert Into room (hotel_ID, room_num, capacity, damages, price, tv, airconditioning, fridge, view_, possible_extend)
    Values (50006, 01, 2, null, 100, true, true, true, 'mountain', true);

Insert Into room (hotel_ID, room_num, capacity, damages, price, tv, airconditioning, fridge, view_, possible_extend)
    Values (50006, 02, 3, null, 100, true, true, true, 'sea', true);

Insert Into room (hotel_ID, room_num, capacity, damages, price, tv, airconditioning, fridge, view_, possible_extend)
    Values (50006, 03, 4, null, 100, true, true, true, 'mountain', true);

Insert Into room (hotel_ID, room_num, capacity, damages, price, tv, airconditioning, fridge, view_, possible_extend)
    Values (50006, 04, 5, null, 100, true, true, true, 'sea', true);

Insert Into room (hotel_ID, room_num, capacity, damages, price, tv, airconditioning, fridge, view_, possible_extend)
    Values (50006, 05, 6, null, 100, true, true, true, 'mountain', true);

Insert Into room (hotel_ID, room_num, capacity, damages, price, tv, airconditioning, fridge, view_, possible_extend)
    Values (50006, 06, 4, null, 100, true, true, true, 'sea', true);

Insert Into room (hotel_ID, room_num, capacity, damages, price, tv, airconditioning, fridge, view_, possible_extend)
    Values (50006, 07, 4, null, 100, true, true, true, 'mountain', true);

Insert Into room (hotel_ID, room_num, capacity, damages, price, tv, airconditioning, fridge, view_, possible_extend)
    Values (50006, 08, 4, null, 100, true, true, true, 'sea', true);



Insert Into room (hotel_ID, room_num, capacity, damages, price, tv, airconditioning, fridge, view_, possible_extend)
    Values (50007, 01, 2, null, 100, true, true, true, 'mountain', true);

Insert Into room (hotel_ID, room_num, capacity, damages, price, tv, airconditioning, fridge, view_, possible_extend)
    Values (50007, 02, 3, null, 100, true, true, true, 'sea', true);

Insert Into room (hotel_ID, room_num, capacity, damages, price, tv, airconditioning, fridge, view_, possible_extend)
    Values (50007, 03, 4, null, 100, true, true, true, 'mountain', true);

Insert Into room (hotel_ID, room_num, capacity, damages, price, tv, airconditioning, fridge, view_, possible_extend)
    Values (50007, 04, 5, null, 100, true, true, true, 'sea', true);

Insert Into room (hotel_ID, room_num, capacity, damages, price, tv, airconditioning, fridge, view_, possible_extend)
    Values (50007, 05, 6, null, 100, true, true, true, 'mountain', true);

Insert Into room (hotel_ID, room_num, capacity, damages, price, tv, airconditioning, fridge, view_, possible_extend)
    Values (50007, 06, 4, null, 100, true, true, true, 'sea', true);

Insert Into room (hotel_ID, room_num, capacity, damages, price, tv, airconditioning, fridge, view_, possible_extend)
    Values (50007, 07, 4, null, 100, true, true, true, 'mountain', true);

Insert Into room (hotel_ID, room_num, capacity, damages, price, tv, airconditioning, fridge, view_, possible_extend)
    Values (50007, 08, 4, null, 100, true, true, true, 'sea', true);



Insert Into room (hotel_ID, room_num, capacity, damages, price, tv, airconditioning, fridge, view_, possible_extend)
    Values (50008, 01, 2, null, 100, true, true, true, 'mountain', true);

Insert Into room (hotel_ID, room_num, capacity, damages, price, tv, airconditioning, fridge, view_, possible_extend)
    Values (50008, 02, 3, null, 100, true, true, true, 'sea', true);

Insert Into room (hotel_ID, room_num, capacity, damages, price, tv, airconditioning, fridge, view_, possible_extend)
    Values (50008, 03, 4, null, 100, true, true, true, 'mountain', true);

Insert Into room (hotel_ID, room_num, capacity, damages, price, tv, airconditioning, fridge, view_, possible_extend)
    Values (50008, 04, 5, null, 100, true, true, true, 'sea', true);

Insert Into room (hotel_ID, room_num, capacity, damages, price, tv, airconditioning, fridge, view_, possible_extend)
    Values (50008, 05, 6, null, 100, true, true, true, 'mountain', true);

Insert Into room (hotel_ID, room_num, capacity, damages, price, tv, airconditioning, fridge, view_, possible_extend)
    Values (50008, 06, 4, null, 100, true, true, true, 'sea', true);

Insert Into room (hotel_ID, room_num, capacity, damages, price, tv, airconditioning, fridge, view_, possible_extend)
    Values (50008, 07, 4, null, 100, true, true, true, 'mountain', true);

Insert Into room (hotel_ID, room_num, capacity, damages, price, tv, airconditioning, fridge, view_, possible_extend)
    Values (50008, 08, 4, null, 100, true, true, true, 'sea', true);



Insert Into room (hotel_ID, room_num, capacity, damages, price, tv, airconditioning, fridge, view_, possible_extend)
    Values (50009, 01, 2, null, 100, true, true, true, 'mountain', true);

Insert Into room (hotel_ID, room_num, capacity, damages, price, tv, airconditioning, fridge, view_, possible_extend)
    Values (50009, 02, 3, null, 100, true, true, true, 'sea', true);

Insert Into room (hotel_ID, room_num, capacity, damages, price, tv, airconditioning, fridge, view_, possible_extend)
    Values (50009, 03, 4, null, 100, true, true, true, 'mountain', true);

Insert Into room (hotel_ID, room_num, capacity, damages, price, tv, airconditioning, fridge, view_, possible_extend)
    Values (50009, 04, 5, null, 100, true, true, true, 'sea', true);

Insert Into room (hotel_ID, room_num, capacity, damages, price, tv, airconditioning, fridge, view_, possible_extend)
    Values (50009, 05, 6, null, 100, true, true, true, 'mountain', true);

Insert Into room (hotel_ID, room_num, capacity, damages, price, tv, airconditioning, fridge, view_, possible_extend)
    Values (50009, 06, 4, null, 100, true, true, true, 'sea', true);

Insert Into room (hotel_ID, room_num, capacity, damages, price, tv, airconditioning, fridge, view_, possible_extend)
    Values (50009, 07, 4, null, 100, true, true, true, 'mountain', true);

Insert Into room (hotel_ID, room_num, capacity, damages, price, tv, airconditioning, fridge, view_, possible_extend)
    Values (50009, 08, 4, null, 100, true, true, true, 'sea', true);











